Page,Page_Title,Pageviews,,,,,,,,
,,"436,791",,,,,,,,
/News/2017/June/22/Pregnant-Alysia-Montano-Is-Literally-Wonder-Woman-At-Track-And-Field-Nationals/,Pregnant Alysia Montano Is Literally Wonder Woman At Track And Field Nationals,"72,012",,,,,,,,
/News/2017/July/16/Meryl-Davis-Announces-Engagement-To-Former-Canadian-Skater-Fedor-Andreev/,Meryl Davis Announces Engagement To Former Canadian Skater Fedor Andreev,"49,962",,,,,,,,z
/News/2017/July/11/USOC-LA-2024-Statements-On-IOC-Decision-Regarding-2024-2028-Games-Award/,"USOC, LA 2024 Statements On IOC Decision Regarding Dual 2024/2028 Games Award","13,202",,,,,,,,
/News/2017/July/05/Kerri-Walsh-Jennings-Nicole-Branagh-Open-Up-About-Their-New-Beach-Volleyball-Partnership/,"Kerri Walsh Jennings, Nicole Branagh Open Up About Their New Beach Volleyball Partnership And The Goal Of Tokyo 2020","12,303",,,,,,,,
/News/2017/June/18/Track-Phenom-Sydney-McLaughlin-Finishes-High-School-Career-On-Top-At-Nationals/,Track Phenom Sydney McLaughlin Finishes High School Career On Top At Nationals,"11,501",,,,,,,,
/News/2017/July/09/Allyson-Felix-Runs-Fastest-400-Meter-In-The-World-On-World-Championships-Track/,Allyson Felix Runs Fastest 400-Meter In The World On World Championships Track,"11,278",,,,,,,,
/News/2017/June/09/17-Times-Laurie-Hernandez-Was-A-Human-Emoji/,17 Times Laurie Hernandez Was A Human Emoji,"9,472",,,,,,,,
/News/2017/June/29/Adam-Rippon-When-I-Came-Out-Is-When-I-Started-To-Own-Who-I-Am-As-A-Person/,Adam Rippon: When I Came Out Is When I Started To Own Who I Am As A Person,"8,373",,,,,,,,
/News/2017/July/13/Simone-Biles-Among-9-Winning-US-Olympians-And-Paralympians-At-ESPY-Awards/,Simone Biles Among 9 Winning U.S. Olympians And Paralympians At ESPY Awards,"7,407",,,,,,,,
/News/2017/July/09/High-Scoring-US-Women-Finish-Second-To-Japan-At-World-Cup-Of-Softball/,High-Scoring U.S. Women Finish Second To Japan At World Cup Of Softball,"7,340",,,,,,,,
/News/2017/June/03/Distance-Star-Katie-Ledecky-Swims-Fastest-200-Freestyle-In-The-World/,Distance Star Katie Ledecky Swims Fastest 200 Freestyle In The World,"6,642",,,,,,,,
/News/2017/July/10/Olympic-Channel-Home-Of-Team-USA-To-Launch-On-July-15-In-More-Than-35-Million-Homes/,"""Olympic Channel: Home Of Team USA"" To Launch On July 15 In More Than 35 Million Homes","5,817",,,,,,,,
/News/2017/July/15/McFadden-Sisters-Share-Podium-For-The-First-Time-In-Team-USA-Sweep-At-Worlds/,McFadden Sisters Share Podium For The First Time In Team USA Sweep At Worlds,"5,037",,,,,,,,
/News/2017/June/06/Oklahoma-Emerges-Victorious-In-17-Inning-Softball-Game-Longest-In-WCWS-History/,"Oklahoma Emerges Victorious In 17-Inning Softball Game, Longest In Women's College World Series History","4,955",,,,,,,,
/News/2017/June/15/Team-USA-Athletes-On-What-They-Splurged-On-After-Winning-At-The-Olympics/,Team USA Athletes On What They Splurged On After Winning At The Olympics,"4,666",,,,,,,,
/News/2017/July/06/Justin-Gatlin-Edges-100-Meter-Field-As-Sam-Kendricks-Sets-Pole-Vault-Meet-Record/,Justin Gatlin Edges 100-Meter Field As Sam Kendricks Sets Pole Vault Meet Record At Lausanne Diamond League,"4,651",,,,,,,,
/News/2017/June/26/Tara-Lipinski-Weds-TV-Producer-Todd-Kapostasy/,Tara Lipinski Weds TV Producer Todd Kapostasy,"4,168",,,,,,,,
/News/2017/July/12/USOC-Unveils-Next-Olympic-Hopeful-Finalists/,"USOC Unveils ""Next Olympic Hopeful"" Finalists","3,923",,,,,,,,
/News/2017/June/26/10-Takeaways-From-The-2017-USA-Track-Field-Outdoor-Championships/,10 Takeaways From The 2017 USA Track & Field Outdoor Championships,"3,722",,,,,,,,
/News/2017/June/15/Eat-Your-Vegetables-Team-USA-Athletes-Share-Their-Favorite-Recipes/,Eat Your Vegetables! Team USA Athletes Share Their Favorite Recipes,"3,128",,,,,,,,
/News/2017/June/25/Watch-Out-World-Here-Comes-Deajah-Stevens-Winning-The-200-Meter-At-Track-Nationals/,"Watch Out, World! Here Comes Deajah Stevens Winning The 200-Meter At Track Nationals","3,039",,,,,,,,
/News/2017/June/24/Justin-Gatlin-35-Beats-Mirror-Image-Christian-Coleman-21-At-Track-Nationals/,"Justin Gatlin, 35, Beats ""Mirror Image"" Christian Coleman, 21, At Track Nationals","2,912",,,,,,,,
/News/2017/July/07/Red-White-Trending-June-30-July-6/,"Red, White & Trending: June 30-July 6","2,883",,,,,,,,
/News/2017/May/31/The-US-Olympic-Committee-Announces-Search-For-The-Next-Olympic-Hopeful/,The U.S. Olympic Committee Announces Search For The Next Olympic Hopeful,"2,771",,,,,,,,
/News/2017/July/06/Where-Would-These-20-Team-USA-Athletes-Vacation-If-They-Could-Go-Anywhere-In-The-World/,Where Would These 20 Team USA Athletes Vacation If They Could Go Anywhere In The World?,"2,563",,,,,,,,
/News/2017/June/30/Vote-On-Team-USAs-Top-Athletes-From-June/,Vote On Team USA's Top Athletes From June,"2,444",,,,,,,,
/News/2017/July/01/Watch-Out-World-A-New-Wave-Of-Talent-Emerges-At-USA-Swimmings-National-Championships/,"Watch Out, World: A New Wave Of Talent Emerges At USA Swimming's National Championships","2,437",,,,,,,,
/News/2017/June/04/Tori-Bowie-Sets-World-Record-As-Americans-Win-4-More-Events-At-Boost-Boston-Games/,Tori Bowie Sets World Record As Americans Win 4 More Events At Boost Boston Games,"2,266",,,,,,,,
/News/2017/June/24/US-Synchro-Swimmers-Snag-First-Ever-World-Series-Team-Gold-At-Synchro-America-Open/,U.S. Synchro Swimmers Snag First-Ever World Series Team Gold At Synchro America Open,"2,229",,,,,,,,
/News/2017/June/18/US-Mens-Volleyball-Team-Earns-Trip-To-World-League-Final/,U.S. Men's Volleyball Team Earns Trip To World League Final,"2,169",,,,,,,,
/News/2017/June/20/Longtime-US-Gymnastics-Stalwart-Jonathan-Horton-Officially-Retires/,Longtime U.S. Gymnastics Stalwart Jonathan Horton Officially Retires,"2,162",,,,,,,,
/News/2017/June/06/These-18-Team-USA-Athletes-Are-Top-Contenders-For-NCAA-Track-And-Field-Titles-In-Eugene/,These 19 Team USA Athletes Are Top Contenders For NCAA Track And Field Titles In Eugene,"2,058",,,,,,,,
/News/2017/July/11/Meet-The-US-Diving-Team-Competing-At-The-Upcoming-World-Championships/,Meet The U.S. Diving Team Competing At The Upcoming World Championships,"2,036",,,,,,,,
/News/2017/June/20/Womens-Soccer-Pioneer-Coach-Tony-DiCicco-Passes-Away-At-68/,Women's Soccer Pioneer Coach Tony DiCicco Passes Away At 68,"2,021",,,,,,,,
/News/2017/June/08/Burroughs-Snyder-Cox-And-More-Big-Guns-Prepare-To-Face-Promising-Challengers-At-Freestyle-Wrestling/,Burroughs Snyder Cox And More Big Guns Prepare To Face Promising Challengers At Freestyle Wrestling,"2,006",,,,,,,,
/News/2017/June/24/Vashti-Cunningham-Picture-Perfect-In-Winning-Career-First-High-Jump-Title/,19-Year-Old Vashti Cunningham Picture Perfect In Winning Career-First High Jump Title,"2,006",,,,,,,,
/News/2017/June/21/Gabriele-Grunewald-Takes-Inspiring-Running-From-Cancer-Journey-To-National-Championships/,Gabriele Grunewald Takes Inspiring “Running From Cancer” Journey To National Championships,"1,984",,,,,,,,
/News/2017/June/28/2020-US-Olympic-Team-Trials-Track-Field-Awarded-To-Mt-SAC-And-LA-Area/,2020 U.S. Olympic Team Trials – Track & Field Awarded To Mt. SAC And L.A. Area,"1,969",,,,,,,,
/News/2017/June/13/Kevin-Durant-Joins-Elite-Group-Of-Basketball-Players-To-Win-NBA-Olympic-And-World-Cup-Titles/,"Congrats, KD: Kevin Durant Joins Elite Group Of Basketball Players To Win NBA, Olympic And World Cup Titles","1,954",,,,,,,,
/News/2017/July/09/US-Women-Win-All-3-Games-To-Open-FIVB-World-Grand-Prix-Including-Over-Olympic-Champ-China/,"U.S. Women Win All 3 Games To Open FIVB World Grand Prix, Including Over Olympic Champ China","1,946",,,,,,,,
/News/2017/June/29/Out-From-Ledeckys-Shadow-Leah-Smith-Wins-400-IM-Title-Beisel-Qualifies-for-Final-World-Team/,Out From Ledecky's Shadow: Leah Smith Wins 400 IM Title; Beisel Qualifies For 6th World Team,"1,939",,,,,,,,
/News/2017/July/12/Meet-The-91-Athletes-Vying-For-8-Spots-In-National-Team-Camps-At-Team-USAs-Scouting-Camp/,Meet The 91 Athletes Vying For 8 Spots In National Team Camps At Team USA’s “Scouting Camp”,"1,909",,,,,,,,
/News/2017/July/13/Team-USA-At-The-ESPYs-The-Celebration-In-21-Photos/,Team USA At The ESPYs: The Celebration In 21 Photos,"1,880",,,,,,,,
/News/2017/June/07/With-World-Title-In-His-Sights-And-Coaching-Job-At-Mizzou-Secured-Wrestler-Jden-Cox-Ready/,"With World Title In His Sights And Coaching Job At Mizzou Secured, Wrestler J’den Cox Ready For Big 2017","1,857",,,,,,,,
/News/2017/July/07/Five-For-Friday-Softball/,Five For Friday: Softball,"1,828",,,,,,,,
/News/2017/June/21/US-Olympic-Committee-Recognizes-2016-Coaches-Of-The-Year/,U.S. Olympic Committee Recognizes 2016 Coaches Of The Year,"1,813",,,,,,,,
/News/2017/July/05/Veteran-Taylor-Sander-Leads-US-Men-Into-FIVB-World-League-Final-Round/,“Veteran” Taylor Sander Leads U.S. Men Into FIVB World League Final Round,"1,798",,,,,,,,
/News/2017/June/10/Olympic-Medalists-Burroughs-Cox-Snyder-Highlight-Mens-Freestyle-Wrestling-World-Team/,"Olympic Medalists Burroughs, Cox, Snyder Highlight Men’s Freestyle Wrestling World Team","1,768",,,,,,,,
/News/2017/July/15/Who-Would-Team-USA-Athletes-Give-An-Olympic-Medal-To-If-Given-The-Chance/,Who Would Team USA Athletes Give An Olympic Medal To If Given The Chance?,"1,738",,,,,,,,
/News/2017/July/02/Americas-Greatest-Rhythmic-Gymnast-Laura-Zeng-Wins-Third-Straight-National-Title/,"America’s Greatest Rhythmic Gymnast, Laura Zeng Wins Third Straight National Title","1,679",,,,,,,,
/News/2017/June/27/Double-Trouble-Katie-Ledecky-Swims-100-And-800-Freestyle-Winning-11th-National-Title/,"Double Trouble: Katie Ledecky Swims 100 And 800 Freestyle, Winning 11th National Title","1,649",,,,,,,,
/News/2017/June/04/Tori-Bowie-Sets-World-Record-As-Americans-Win-4-More-Events-At-Boost-Boston-Games/,Tori Bowie Sets World Best As Americans Win 4 More Events At Boost Boston Games,"1,642",,,,,,,,
/News/2017/June/16/Michael-Phelps-Next-Challenge-Racing-A-Great-White-Shark/,Michael Phelps' Next Challenge: Racing A Great White Shark,"1,634",,,,,,,,
/News/2017/June/01/Katie-Ledecky-Opens-Final-Pro-Swim-Series-With-Big-Win-In-1500-Freestyle/,"Katie Ledecky Opens Final Pro Swim Series With Big Win In 1,500 Freestyle","1,545",,,,,,,,
/News/2017/June/26/30-Of-The-Best-Photos-From-The-USATF-Outdoor-Championships/,30 Of The Best Photos From The USATF Outdoor Championships,"1,523",,,,,,,,
/News/2017/July/12/Sam-Querrey-Knocks-Out-Andy-Murray-Is-First-American-Man-To-Reach-Wimbledon-Semifinals-In-8-Years/,"Sam Querrey Knocks Out Andy Murray, Is First American Man To Reach Wimbledon Semifinals In 8 Years","1,486",,,,,,,,
/News/2017/June/24/Robby-Andrews-Upsets-Olympic-Champ-Matthew-Centrowitz-In-1500-Meter-At-USATF-Championships/,"Robby Andrews Upsets Olympic Champ Matthew Centrowitz In 1,500-Meter At USATF Championships","1,456",,,,,,,,
/News/2017/June/30/2012-Olympic-Champ-Matt-Grevers-Is-Back-On-Top-In-100-Back-After-Missing-2016-Olympic-Team/,2012 Olympic Champ Matt Grevers Is Back On Top In 100 Back After Missing 2016 Olympic Team,"1,456",,,,,,,,
/News/2017/June/30/Kathleen-Baker-Breaks-Missy-Franklins-100Meter-Backstroke-US-Open-Record/,Kathleen Baker Breaks Missy Franklin’s 100-Meter Backstroke U.S. Open Record,"1,374",,,,,,,,
/News/2017/May/05/USA-Hockey-Announces-Roster-For-2017-18-Womens-National-Team/,USA Hockey Announces Roster For 2017-18 Women's National Team,"1,367",,,,,,,,
/News/2017/June/14/Returning-Olympians-To-Rising-Stars-Who-To-Watch-In-US-Womens-Rowing-In-2017/,Returning Olympians To Rising Stars: Who To Watch In U.S. Women’s Rowing In 2017,"1,345",,,,,,,,
/News/2017/July/15/Ross-Fendrick-Hughes-Claes-Take-Silver-And-Bronze-At-USA-Vs-The-World-Beach-Volleyball-Tournament/,"Ross/Fendrick, Hughes/Claes Take Silver And Bronze At USA Vs. The World Beach Volleyball Tournament","1,315",,,,,,,,
/News/2017/July/10/TeamUSAs-Tweets-Of-The-Week/,#TeamUSA's Tweets Of The Week,"1,300",,,,,,,,
/News/2017/June/01/How-Does-Volleyballs-World-League-Work-And-Who-Is-On-Team-USA-Everything-You-Need-To-Know/,How Does Volleyball’s World League Work And Who Is On Team USA? Everything You Need To Know,"1,285",,,,,,,,
/News/2017/July/13/On-Your-Marks-Get-Set-Watch-The-Olympic-Channel-Home-Of-Team-USA-Debuts-Saturday/,"On Your Marks, Get Set, Watch! The Olympic Channel: Home Of Team USA Debuts Saturday","1,263",,,,,,,,
/News/2017/June/27/Nathan-Adrian-Wins-14th-National-Long-Course-Freestyle-Title/,"Oldest In The Pool (By Far), Nathan Adrian Wins 14th National Long-Course Freestyle Title","1,226",,,,,,,,
/News/2017/July/15/7-US-Mens-Freestyle-Wrestlers-Strike-Gold-At-Grand-Prix-Of-Spain/,7 U.S. Men’s Freestyle Wrestlers Strike Gold At Grand Prix Of Spain,"1,204",,,,,,,,
/News/2017/June/07/Kerri-Walsh-Jennings-Phil-Dalhausser-Lead-US-Teams-Selected-For-World-Championships/,"Beach Volleyball Legends Kerri Walsh Jennings, Phil Dalhausser Lead U.S. Teams Selected For World Championships","1,204",,,,,,,,
/News/2017/July/09/US-Mens-Volleyball-Team-Closes-World-League-Comeback-With-Fourth-Place-Finish/,U.S. Men’s Volleyball Team Closes World League Comeback With Fourth-Place Finish,"1,196",,,,,,,,
/News/2017/July/16/No-2-In-Their-Group-US-Women-Head-To-Brazil-With-4-2-Record-At-Volleyball-World-Grand-Prix/,"No. 2 In Their Group, U.S. Women Head To Brazil With 4-2 Record At Volleyball World Grand Prix","1,144",,,,,,,,
/News/2017/June/28/Lilly-King-Puts-Tough-Year-Aside-And-Remains-The-Dominant-American-200-Meter-Breaststroke-Swimmer/,Lilly King Puts Tough Year Aside And Remains The Dominant American 200-Meter Breaststroke Swimmer,"1,137",,,,,,,,
/News/2017/June/30/On-Top-Of-The-World-After-Big-Olympic-Debut-Katie-Meili-Qualifies-For-First-World-Team/,"On Top Of The World After Big Olympic Debut, Katie Meili Qualifies For First World Team","1,129",,,,,,,,
/News/2017/July/01/One-For-The-Young-Guns-Caeleb-Dressel-Wins-50-Meter-Splash-And-Dash-At-Nationals/,"One For The Young Guns: Caeleb Dressel Wins 50-Meter ""Splash And Dash"" At Nationals","1,122",,,,,,,,
/News/2017/July/13/Zain-Retherford-The-NCAAs-Top-Wrestler-In-2017-Is-Ready-For-His-First-World-Championships/,"Zain Retherford, The NCAA’s Top Wrestler In 2017, Is Ready For His First World Championships",996,,,,,,,,
/News/2017/July/01/Simone-Manuel-Rebounds-From-Disappointment-To-Win-3rd-National-Title-In-The-50-Meter-Freestyle/,Simone Manuel Rebounds From Disappointment To Win 3rd National Title In The 50-Meter Freestyle,988,,,,,,,,
/News/2017/July/17/Alex-Obert-Is-Ready-To-Step-Into-Leadership-Role-As-US-Mens-Water-Polo-Enters-World-Championships/,Alex Obert Is Ready To Step Into Leadership Role As U.S. Men’s Water Polo Enters World Championships,981,,,,,,,,
/News/2017/June/21/Celebrating-9-Amazing-Team-USA-Women-Who-Wore-No-9-In-Honor-Of-The-Title-IX-Anniversary/,"Celebrating 9 Amazing Team USA Women Who Wore No. 9, In Honor Of The Title IX Anniversary",981,,,,,,,,
/News/2017/June/22/Celebrate-Olympic-Day-With-10-Times-US-Athletes-Demonstrated-The-Olympic-Spirit/,Celebrate Olympic Day With 10 Times U.S. Athletes Demonstrated The Olympic Spirit,981,,,,,,,,
/News/2017/July/10/Fan-Choice-Revealed-For-2018-US-Olympic-Luge-Team-Helmet/,Fan Choice Revealed For 2018 U.S. Olympic Luge Team Helmet,973,,,,,,,,
/News/2017/June/09/IOC-Move-Brings-United-States-One-Step-Closer-To-Hosting-Olympics/,IOC Move Brings United States One Step Closer To Hosting Olympics,966,,,,,,,,
/News/2017/June/18/US-Mens-Volleyball-Team-Earns-Trip-To-World-League-Final/,US. Men's Volleyball Team Earns Trip To World League Final,958,,,,,,,,
/News/2017/June/02/Vote-On-Team-USAs-Top-Athletes-From-May/,Vote On Team USA's Top Athletes From May,929,,,,,,,,
/News/2017/January/22/Meet-The-2017-US-Figure-Skating-World-Team/,Meet The 2017 U.S. Figure Skating World Team,906,,,,,,,,
/News/2017/June/01/10-Impressive-Team-USA-Athletes-Who-Successfully-Transferred-Their-Talent-From-One-Sport-To-Another/,10 Impressive Team USA Athletes Who Successfully Transferred Their Talent From One Sport To Another,906,,,,,,,,
/News/2017/July/04/Happy-Birthday-America-14-Team-USA-Moments-That-Took-Place-On-The-Fourth-Of-July/,"Happy Birthday, America: 14 Team USA Moments That Took Place On The Fourth Of July",884,,,,,,,,
/News/2017/June/08/Celebrate-National-Best-Friend-Day-With-Team-USAs-Ultimate-Best-Friends-Squad/,Celebrate National Best Friends Day With Team USA's Ultimate Best Friend Squad,884,,,,,,,,
/News/2017/July/11/Brad-Guzan-Is-Ready-To-Lead-US-To-Gold-Cup-Title-And-Then-Make-A-Triumphant-Return-To-MLS/,Brad Guzan Is Ready To Lead U.S. To Gold Cup Title And Then Make A Triumphant Return To MLS,832,,,,,,,,
/News/2017/July/02/US-Mens-Soccer-Team-Downs-Ghana-2-1-In-International-Friendly/,"U.S. Men's Soccer Team Downs Ghana, 2-1, In International Friendly",817,,,,,,,,
/News/2017/July/16/Team-USA-Earns-World-Championships-Silver-In-Triathlons-Mixed-Team-Relay-A-New-Olympic-Event/,"Team USA Earns World Championships Silver In Triathlon’s Mixed Team Relay, A New Olympic Event",817,,,,,,,,
/News/2017/June/15/These-Team-USA-Dads-Have-The-PyeongChang-Olympics-In-Their-Sights/,These Team USA Dads Have The PyeongChang Olympics In Their Sights,810,,,,,,,,
/News/2017/June/04/US-Mens-Volleyball-Team-Opens-World-League-Play-Winless-After-First-Weekend/,U.S. Men’s Volleyball Team Opens World League Play Winless After First Weekend,788,,,,,,,,
/News/2017/June/25/Brooke-Sweat-Summer-Ross-Continue-Hot-Streak-In-June-With-AVP-Seattle-Open-Title/,"Brooke Sweat, Summer Ross Continue Hot Streak In June With AVP Seattle Open Title",788,,,,,,,,
/News/2017/June/25/Olympic-Shot-Put-Champion-Ryan-Crouser-Rises-To-Occasion-At-National-Championships/,Olympic Shot Put Champion Ryan Crouser Rises To Occasion At National Championships,788,,,,,,,,
/News/2017/June/22/Title-IX-And-These-16-Team-USA-Women-Turn-45-This-Year/,Title IX And These 16 Team USA Women Turn 45 This Year,780,,,,,,,,
/News/2017/July/07/Five-For-Friday-Womens-Volleyball/,Five For Friday: Women's Volleyball,773,,,,,,,,
/News/2017/June/22/Impacts-Of-Title-IX-Still-Felt-By-Team-USA-Athletes-Today/,Impacts Of Title IX Still Felt By Team USA Athletes Today,773,,,,,,,,
/News/2017/June/05/New-US-Womens-Water-Polo-Team-Enters-World-League-Super-Final-In-Unfamiliar-Position/,New U.S. Women’s Water Polo Team Enters World League Super Final In Unfamiliar Position,758,,,,,,,,
/News/2017/June/01/10-Storylines-Worth-Following-In-Olympic-Sports-This-June/,10 Storylines Worth Following In Olympic Sports This June,736,,,,,,,,
/News/2017/June/09/Construction-On-US-Olympic-Museum-And-Hall-Of-Fame-Officially-Under-Way/,Construction On U.S. Olympic Museum And Hall Of Fame Officially Under Way After Groundbreaking Ceremony In Colorado Springs,736,,,,,,,,
/News/2017/July/13/Venus-Williams-The-Winningest-Active-Player-At-Wimbledon-Advances-To-Her-Ninth-Final/,"Venus Williams, The Winningest Active Player At Wimbledon, Advances To Her Ninth Final",728,,,,,,,,
/News/2017/July/10/The-Week-In-16-Photos-July-3-9/,The Week In 16 Photos: July 3-9,721,,,,,,,,
/News/2017/June/08/Rose-Lavelles-Second-Half-Goal-Lifts-US-Womens-Soccer-Team-Over-Sweden/,Rose Lavelle’s Second-Half Goal Lifts U.S. Women’s Soccer Team Over Sweden,706,,,,,,,,
/News/2017/June/19/US-Mens-Water-Polo-Team-Set-For-Big-Test-At-World-League-Super-Final/,U.S. Men's Water Polo Team Set For Big Test At World League Super Final,706,,,,,,,,
/News/2017/June/09/3-On-3-Basketball-BMX-Freestyle-Headline-New-Events-Added-To-Tokyo-2020-Olympic-Program/,"3-On-3 Basketball, BMX Freestyle Headline New Events Added To Tokyo 2020 Olympic Program",669,,,,,,,,
/News/2017/June/08/As-Water-Polo-Legend-Tony-Azevedo-Retires-We-Look-Back-At-His-Career-By-The-Numbers/,"As Water Polo Legend Tony Azevedo Retires, We Look Back At His Career By The Numbers",654,,,,,,,,
/News/2017/June/15/Brett-West-Built-His-Son-Tucker-A-Backyard-Luge-Track-Then-Tucker-Became-An-Olympian/,Brett West Built His Son Tucker A Backyard Luge Track Then Tucker Became An Olympian,654,,,,,,,,
/News/2017/June/29/Chase-Kalisz-Dominates-400-IM-At-Nationals-With-Fastest-Time-In-The-World/,Chase Kalisz Dominates 400 IM At Nationals With Fastest Time In The World,654,,,,,,,,
/News/2017/June/28/An-Even-Dozen-for-Ledecky-200-Free-National-Title-Is-Her-12th-Leah-Smith-Second/,"An Even Dozen for Ledecky, 200 Free National Title Is Her 12th; Leah Smith Second",624,,,,,,,,
/News/2017/May/30/Kelly-Barnhill-Named-2017-USA-Softball-National-Collegiate-Player-Of-The-Year/,Kelly Barnhill Named 2017 USA Softball National Collegiate Player Of The Year,624,,,,,,,,
/News/2017/July/03/The-Week-In-16-Photos-June-26-July-2/,The Week In 16 Photos: June 26-July 2,609,,,,,,,,
/News/2017/May/25/Nathan-And-Karen-Chen-Leading-The-Way-For-An-Asian-American-Resurgence-In-Figure-Skating/,Nathan And Karen Chen Leading The Way For An Asian-American Resurgence In Figure Skating,609,,,,,,,,
/News/2017/July/17/Bill-May-Kanako-Spendlove-Win-Mixed-Duet-Technical-Bronze-At-Synchro-Swimming-World-Championships/,Bill May/Kanako Spendlove Win Mixed Duet Technical Bronze At Synchro Swimming World Championships,587,,,,,,,,
/News/2017/June/13/2-Time-Olympic-Champ-Kevin-Durant-Leads-Warriors-To-NBA-Title/,2-Time Olympic Champ Kevin Durant Leads Warriors To NBA Title,587,,,,,,,,
/News/2017/June/15/Tianna-Bartoletta-Claims-Long-Jump-Title-At-Diamond-League-In-Oslo/,Tianna Bartoletta Claims Long Jump Title At Diamond League In Oslo,587,,,,,,,,
/News/2017/June/02/US-Track-Athletes-Win-3-Events-On-First-Day-Of-Boost-Boston-Games/,U.S. Track Athletes Win 3 Events On First Day Of Boost Boston Games,579,,,,,,,,
/News/2017/July/09/US-Rowing-Olympians-Megan-Kalmoe-Tracy-Eisser-Earn-Silver-At-Switzerland-World-Cup/,"U.S. Rowing Olympians Megan Kalmoe, Tracy Eisser Earn Silver At Switzerland World Cup",565,,,,,,,,
/News/2017/July/05/Herbert-Douglas-Jr-The-Oldest-Living-African-American-Olympic-Medalist-Shares-95-Years/,"Herbert Douglas Jr., The Oldest Living African-American Olympic Medalist, Shares 95 Years Of Wisdom With Today's Youth",550,,,,,,,,
/News/2017/June/23/Five-For-Friday-Synchronized-Swimming/,Five For Friday: Synchronized Swimming,550,,,,,,,,
/News/2017/June/23/Five-For-Friday-Track-and-Field/,Five For Friday: Track And Field,550,,,,,,,,
/News/2017/July/14/Five-For-Friday-Beach-Volleyball/,Five For Friday: Beach Volleyball,535,,,,,,,,
/News/2017/July/03/20-Things-We-Learned-About-Team-USA-This-Week/,20 Things We Learned About Team USA This Week,527,,,,,,,,
/News/2017/June/24/Hurdler-Keni-Harrison-Makes-Up-For-Olympic-Disappointment-With-US-Title/,Hurdler Keni Harrison Makes Up For Olympic Disappointment With U.S. Title,527,,,,,,,,
/News/2017/June/11/5-Time-Olympian-Tony-Azevedo-Says-Goodbye-In-Retirement-Game-At-Stanford/,5-Time Olympian Tony Azevedo Says Goodbye In Retirement Game At Stanford,513,,,,,,,,
/News/2017/June/20/10-Storylines-To-Follow-At-USA-Track-and-Field-Outdoor-Championships/,10 Storylines To Follow At USA Track & Field Outdoor Championships,513,,,,,,,,
/News/2017/June/27/Deep-Pool-Of-2016-Olympic-Swimming-Medalists-Headline-The-Phillips-66-National-Championships/,Deep Pool Of 2016 Olympic Swimming Medalists Headline The Phillips 66 National Championships,505,,,,,,,,
/News/2017/July/05/10-Reasons-To-Follow-Olympic-Sports-This-July/,10 Reasons To Follow Olympic And Paralympic Sports This July,490,,,,,,,,
/News/2017/July/05/The-Week-In-Team-USA-Results-June-27-July-4/,The Week In Team USA Results: June 27-July 4,490,,,,,,,,
/News/2017/June/07/Oklahoma-Seeded-10th-Overcomes-Florida-To-Win-Back-To-Back-NCAA-Softball-Titles/,"Oklahoma, Seeded 10th, Overcomes Florida To Win Back-To-Back NCAA Softball Titles",490,,,,,,,,
/News/2017/June/29/After-A-Two-Year-Podium-Drought-LaNola-Shepherd-And-The-US-Womens-Archery-Team-Are-Back/,"After A Two-Year Podium Drought, LaNola Shepherd And The U.S. Women's Archery Team Are Back With A Vengeance",490,,,,,,,,
/News/2017/June/07/US-Olympic-Committee-Announces-Best-Of-May-Honors-For-Team-USA-Awards-Presented-By-Dow/,U.S. Olympic Committee Announces Best Of May Honors For Team USA Awards Presented By Dow,483,,,,,,,,
/News/2017/June/11/Ross-Fendrick-Gibb-Crabb-Claim-AVP-New-York-City-Open-Titles/,"Ross-Fendrick, Gibb-Crabb Claim AVP New York City Open Titles",483,,,,,,,,
/News/2017/June/21/Worlds-Top-Synchronized-Swimmers-Convene-In-New-York-For-Weekend-Of-Elegance/,"World's Top Synchronized Swimmers Convene In New York For Weekend Of Elegance, Strength and Competition",475,,,,,,,,
/News/2017/June/02/Olympic-Champs-Nathan-Adrian-Simone-Manuel-Shine-With-100-Free-Wins-At-Arena-Pro-Swim-Series/,"Olympic Champs Nathan Adrian, Simone Manuel Shine With 100 Free Wins At Arena Pro Swim Series In Santa Clara",468,,,,,,,,
/News/2017/June/27/Katie-Ledecky-Becomes-Second-Freshman-To-Win-Honda-Cup-As-Top-Collegiate-Female-Athlete/,Katie Ledecky Becomes Second Freshman To Win Honda Cup As Top Collegiate Female Athlete,468,,,,,,,,
/News/2017/May/16/USA-Track-Field-Announces-Finalists-To-Host-2020-US-Olympic-Team-Trials/,USA Track & Field Announces Finalists To Host 2020 U.S. Olympic Team Trials,468,,,,,,,,
/News/2017/July/02/Danielle-Kang-Wins-Womens-PGA-Championship-For-First-Victory-Ever-On-LPGA-Tour/,Danielle Kang Wins Women’s PGA Championship For First Victory Ever On LPGA Tour,461,,,,,,,,
/News/2017/July/09/Phil-Dahlhausser-Nick-Lucena-Capture-Gold-At-Gstaad-Major-Building-On-Last-Years-Silver/,"Phil Dahlhausser, Nick Lucena Capture Gold At Gstaad Major, Building On Last Year’s Silver",461,,,,,,,,
/News/2017/July/01/US-Armys-Sam-Kendricks-Earns-Third-Diamond-League-Pole-Vault-Victory-Of-The-Season/,U.S. Army’s Sam Kendricks Earns Third Diamond League Pole Vault Victory Of The Season,438,,,,,,,,
/News/2017/July/17/The-Week-In-16-Photos-July-10-16/,The Week In 16 Photos: July 10-16,431,,,,,,,,
/News/2017/June/04/Olympians-McQuin-Baron-Ashleigh-Johnson-First-Ever-Goalkeepers-Jointly-Awarded-Water-Polos-Top-Award/,"Olympians McQuin Baron, Ashleigh Johnson First-Ever Goalkeepers Jointly Awarded NCAA Water Polo’s Top Award",431,,,,,,,,
/News/2017/June/19/24-Hour-Fitness-To-Host-Exclusive-In-Person-Tryouts-To-Find-Team-USAs-Next-Olympic-Hopeful/,24 Hour Fitness® To Host Exclusive In-Person Tryouts To Find Team USA’s Next Olympic Hopeful,431,,,,,,,,
/News/2017/June/26/The-Week-In-16-Photos-June-19-25/,The Week In 16 Photos: June 19-25,431,,,,,,,,
/News/2017/July/03/Led-By-Venus-Williams-Team-USA-To-Have-More-Seeded-Players-At-Wimbledon-Than-Any-Other-Nation/,"Led By Venus Williams, Team USA To Have More Seeded Players At Wimbledon Than Any Other Nation",423,,,,,,,,
/News/2017/July/11/The-Week-In-Team-USA-Results-July-5-10/,The Week In Team USA Results: July 5-10,423,,,,,,,,
/News/2017/June/23/Los-Angeles-event-highlights-2400-Olympic-Day-events-in-the-United-States/,"Los Angeles Event Highlights 2,400 Olympic Day Events In The United States",423,,,,,,,,
/News/2017/June/09/Rising-Soccer-Star-Christian-Pulisic-Scores-Twice-In-USMNT-World-Cup-Qualifier-Win/,Rising Soccer Star Christian Pulisic Scores Twice In USMNT World Cup Qualifier Win,416,,,,,,,,
/News/2017/July/13/Synchro-Divers-Dorman-Hixon-Won-Olympic-Silver-In-Their-Second-Meet-Together/,"Synchro Divers Dorman, Hixon Won Olympic Silver In Their Second Meet. What Will They Accomplish At Worlds?",409,,,,,,,,
/News/2017/June/11/Shutout-Of-Norway-Completes-Perfect-Scandinavian-Trip-For-US-Womens-Soccer-Team/,Shutout Of Norway Completes Perfect Scandinavian Trip For U.S. Women’s Soccer Team,409,,,,,,,,
/News/2017/July/10/20-Things-We-Learned-About-Team-USA-Last-Week/,20 Things We Learned About Team USA Last Week,401,,,,,,,,
/News/2017/May/10/How-Olympic-Triathlete-Katie-Zaferes-Tiny-House-Just-Might-Help-Her-Win-Gold-In-2020/,How Olympic Triathlete Katie Zaferes’ Tiny House Just Might Help Her Win Gold In 2020,401,,,,,,,,
/News/2017/May/31/What-To-Watch-For-When-The-Top-College-Softball-Teams-Descend-On-Oklahoma-City/,What To Watch For When The Top College Softball Teams Descend On Oklahoma City,401,,,,,,,,
/News/2017/July/02/Gluckstein-And-Ahsinger-Win-Trampoline-Titles-At-USA-Gymnastics-Championships/,Gluckstein And Ahsinger Win Trampoline Titles At USA Gymnastics Championships,394,,,,,,,,
/News/2017/July/09/Ski-Mountaineering-Added-To-Winter-Youth-Olympic-Games-Program/,Ski Mountaineering Added To Winter Youth Olympic Games Program,394,,,,,,,,
/News/2017/June/07/Sprinter-Christian-Coleman-Hoping-To-Follow-in-Justin-Gatlins-Footsteps-At-NCAA-Championships/,Sprinter Christian Coleman Hoping To Follow in Justin Gatlins Footsteps At NCAA Championships,394,,,,,,,,
/News/2017/June/08/Natasha-Hastings-Aries-Merritt-Victorious-As-Diamond-League-Rolls-Through-Rome/,"Natasha Hastings, Aries Merritt Victorious As Diamond League Rolls Through Rome",371,,,,,,,,
/News/2017/June/23/Five-For-Friday-Water-Polo/,Five For Friday: Water Polo,371,,,,,,,,
/News/2017/May/15/Arkansas-Bound-Hunter-Woodhall-Becomes-First-Double-Amputee-To-Earn-D1-Track-Scholarship/,"Arkansas Bound, Hunter Woodhall Becomes First Double-Amputee To Earn D1 Track Scholarship",371,,,,,,,,
/News/2017/July/13/Isaac-Jean-Paul-Just-Discovered-Paralympic-Sport-This-Year-And-Is-Already-A-World-Record-Holder/,Isaac Jean-Paul Just Discovered Paralympic Sport This Year And Is Already A World-Record Holder,364,,,,,,,,
/News/2017/June/08/International-Table-Tennis-Federation-Becomes-First-Sports-Federation-To-Include-Every-Country/,International Table Tennis Federation Becomes First Sports Federation To Include Every Country On Earth,364,,,,,,,,
/News/2017/June/14/Canoe-Slalom-Specialist-Casey-Eichfeld-Takes-A-Step-Back-To-Make-A-Leap-Forward/,Canoe Slalom Specialist Casey Eichfeld Takes A Step Back To Make A Leap Forward,364,,,,,,,,
/News/2017/June/22/LA-2024-Invites-Kids-To-Follow-The-Sun-Try-Olympic-Sports-With-Exciting-Olympic-Day-Celebration/,"LA 2024 Invites Kids To Follow The Sun, Try Olympic Sports With Exciting Olympic Day Celebration",364,,,,,,,,
/News/2017/July/06/US-Olympic-Committee-Announces-Best-Of-June-Honors-For-Team-USA-Awards-Presented-By-Dow/,U.S. Olympic Committee Announces Best Of June Honors For Team USA Awards Presented By Dow,357,,,,,,,,
/News/2017/June/04/Dalhausser-And-Lucena-Win-Moscow-Beach-Volleyball-Title-Sweat-And-Ross-Earn-Silver/,Dalhausser And Lucena Win Moscow Beach Volleyball Title; Sweat And Ross Earn Silver,357,,,,,,,,
/News/2017/June/23/Olympic-Champion-Jimmy-Butler-Traded-To-Minnesota-Timberwolves/,Olympic Champion Jimmy Butler Traded To Minnesota Timberwolves,357,,,,,,,,
/News/2017/May/01/USA-Swimming-Announces-2020-Olympic-Team-Trials-To-Be-Held-In-Omaha/,USA Swimming Announces 2020 Olympic Team Trials To Be Held In Omaha,357,,,,,,,,
/News/2017/June/02/Alpine-Skiing-To-Test-Exciting-2-Run-Downhill-Format-In-Hopes-Of-Gaining-New-Fans/,Alpine Skiing To Test ‘Exciting' 2-Run Downhill Format In Hopes Of Gaining New Fans,342,,,,,,,,
/News/2017/June/19/Olympic-Ties-Run-Deep-As-US-Hockey-Hall-of-Fame-Class-of-2017-Announced/,Olympic Ties Run Deep As U.S. Hockey Hall of Fame Class of 2017 Announced,342,,,,,,,,
/News/2017/July/03/Paralympian-Stephen-Lawlers-Fourth-Of-July-Family-Extravaganza/,"Petting Zoo, Fireworks, Zip Line And More – Paralympian Stephen Lawler’s Fourth Of July Family Gathering Has It All",334,,,,,,,,
/News/2017/July/13/Jamie-Sinclair-The-Dream-To-Wear-Our-Countrys-Flag-On-Our-Backs-All-Comes-Down-To-This-Competition/,"Jamie Sinclair: ""The Dream To Wear Our Country's Flag On Our Backs All Comes Down To This Competition""",334,,,,,,,,
/News/2017/July/16/Third-Straight-Win-Third-Meet-Record-For-Ryan-Crouser-In-Diamond-League-This-Season/,"Third Straight Win, Third Meet Record For Ryan Crouser In Diamond League This Season",327,,,,,,,,
/News/2017/May/30/Athletes-Learn-To-Lean-On-Each-Other-As-They-Pivot-To-Life-After-Sport/,Athletes Learn To Lean On Each Other As They Pivot To Life After Sport,327,,,,,,,,
/News/2017/June/09/Five-For-Friday-Soccer/,Five For Friday: Soccer,319,,,,,,,,
/News/2017/June/14/Celebrate-Flag-Day-With-50-Star-Spangled-Moments-From-Rio/,Celebrate Flag Day With 50 Star-Spangled Moments From Rio,319,,,,,,,,
/News/2017/July/07/Five-For-Friday-Field-Hockey/,Five For Friday: Field Hockey,312,,,,,,,,
/News/2017/July/07/Five-For-Friday-Mens-Volleyball/,Five For Friday: Men's Volleyball,312,,,,,,,,
/News/2017/June/06/The-Week-In-Team-USA-Results-June-1-6/,The Week In Team USA Results: May 31-June 5,312,,,,,,,,
/News/2017/June/11/USMNT-Earns-Hard-Fought-Draw-Against-Mexico-At-Estadio-Azteca/,USMNT Earns Hard-Fought Draw Against Mexico At Estadio Azteca,312,,,,,,,,
/News/2017/June/26/TeamUSAs-Tweets-Of-The-Week/,#TeamUSA's Tweets Of The Week,312,,,,,,,,
/News/2017/June/03/US-Womens-Water-Polo-Team-Wins-Kunshan-Cup-Turns-Attention-To-World-League-Super-Final/,"U.S. Women’s Water Polo Team Wins Kunshan Cup, Turns Attention To World League Super Final",305,,,,,,,,
/News/2017/June/04/Ryan-Murphys-100-Backstroke-Win-Highlights-Final-Day-Of-2017-Arena-Pro-Swim-Series/,Ryan Murphy’s 100 Backstroke Win Highlights Final Day Of 2017 Arena Pro Swim Series,305,,,,,,,,
/News/2017/June/09/No-Pressure-No-Drama-Makes-Brooke-Sweat-and-Summer-Ross-The-Ultimate-Team/,No Pressure No Drama Makes Brooke Sweat and Summer Ross The Ultimate Team,305,,,,,,,,
/News/2017/June/24/Team-USAs-Bill-May-A-Pioneer-For-Men-In-The-Sport-Has-Golden-Homecoming-At-Synchro-America-Open/,"Team USA’s Bill May, A Pioneer For Men In The Sport, Has Golden Homecoming At Synchro America Open",297,,,,,,,,
/News/2017/June/27/Olympians-Draymond-Green-Russell-Westbrook-Receive-NBA-Awards/,"Olympians Draymond Green, Russell Westbrook Receive NBA Awards",290,,,,,,,,
/News/2017/July/06/Paralympic-Swimmer-Martha-Ruether-Keeps-Making-Strides-To-Become-Medalist/,Paralympic Swimmer Martha Ruether Keeps Making Strides To Become Medalist,282,,,,,,,,
/News/2017/July/16/Led-By-Leathers-And-Mensah-US-Womens-Wrestlers-Claim-7-Medals-At-Grand-Prix-Of-Spain/,"Led By Leathers And Mensah, U.S. Women’s Wrestlers Claim 7 Medals At Grand Prix Of Spain",282,,,,,,,,
/News/2017/June/16/Red-White-Trending-June-9-15/,"Red, White & Trending: June 9-15",282,,,,,,,,
/News/2017/May/26/Athlete-Selections-Announced-For-2017-ISU-Grand-Prix-Of-Figure-Skating-Series/,Athlete Selections Announced For 2017 ISU Grand Prix Of Figure Skating Series,282,,,,,,,,
/News/2017/July/14/Red-White-Trending-July-7-13/,"Red, White & Trending: July 7-13",275,,,,,,,,
/News/2017/June/05/20-Things-We-Learned-About-Team-USA-This-Week/,20 Things We Learned About Team USA This Week,275,,,,,,,,
/News/2017/June/09/Red-White-Trending-June-2-8/,"Red, White & Trending: June 2-8",275,,,,,,,,
/News/2017/July/14/Five-For-Friday-Aquatics/,Five For Friday: Aquatics,267,,,,,,,,
/News/2017/June/02/Five-For-Friday-Volleyball/,Five For Friday: Volleyball,267,,,,,,,,
/News/2017/June/18/Four-Time-Olympic-Gold-Medalist-Diana-Taurasi-Becomes-WNBA-All-Time-Leading-Scorer/,Four-Time Olympic Gold Medalist Diana Taurasi Becomes WNBA All-Time Leading Scorer,267,,,,,,,,
/News/2017/June/23/Five-For-Friday-Rugby/,Five For Friday: Rugby,267,,,,,,,,
/News/2017/June/28/Los-Angeles-To-Host-Team-USA-Awards-Presented-By-Dow-Best-Of-The-Year/,"Los Angeles To Host Team USA Awards Presented By Dow, Best Of The Year",267,,,,,,,,
/News/2017/June/30/Five-For-Friday-Swimming/,Five For Friday: Swimming,267,,,,,,,,
/News/2017/May/17/Olympic-Champs-Davis-White-Join-Cheryl-Burkes-Love-On-The-Floor-Dance-Tour/,"Olympic Champs Davis, White Join Cheryl Burke’s “Love On The Floor” Dance Tour",267,,,,,,,,
/News/2017/July/05/Angel-City-Games-Giving-More-Athletes-The-Chance-To-Compete/,Angel City Games Giving More Athletes The Chance To Compete,260,,,,,,,,
/News/2017/July/14/Five-For-Friday-Field-Hockey/,Five For Friday: Field Hockey,260,,,,,,,,
/News/2017/July/16/Dalhausser-And-Lucenas-Roll-Continues-With-More-Gold-At-USA-Vs-The-World-Event/,Dalhausser And Lucena's Roll Continues With More Gold At USA Vs. The World Event,260,,,,,,,,
/News/2017/June/08/Lizzi-Smiths-97-Year-Old-Grandfather-Can-Finally-Watch-Her-Compete-At-Home/,Competing At Home For Paralympic Swimmer Lizzi Smith Means Her 97-Year-Old Grandfather Can Finally Watch,260,,,,,,,,
/News/2017/June/18/Womens-Eight-Boat-Takes-Third-At-Rowing-World-Cup-Ending-Unprecedented-Winning-Streak/,"Womens Eight Boat Takes Third At Rowing World Cup, Ending Unprecedented Winning Streak",260,,,,,,,,
/News/2017/June/20/The-Week-In-Team-USA-Results-June-13-19/,The Week In Team USA Results: June 13-19,260,,,,,,,,
/News/2017/June/25/Brady-Ellison-And-Mackenzie-Brown-Take-Bronze-In-New-Olympic-Event-At-Archery-World-Cup/,Brady Ellison And Mackenzie Brown Take Bronze In New Olympic Event At Archery World Cup,253,,,,,,,,
/News/2017/June/27/20-Things-We-Learned-About-Team-USA-Last-Week/,20 Things We Learned About Team USA Last Week,253,,,,,,,,
/News/2017/May/11/Baby-Boom-How-Olympians-Are-Training-And-Competing-Through-Pregnancy/,Baby Boom: How Olympians Are Training And Competing Through Pregnancy,253,,,,,,,,
/news/2017/february/08/the-ultimate-day-by-day-team-usa-viewers-guide-to-the-2018-olympics/,"The Ultimate, Day-By-Day Team USA Viewer's Guide To The 2018 Olympics",245,,,,,,,,
/News/2017/July/12/Five-Years-After-Paralympic-Debut-Jarryd-Wallace-Looking-For-More-London-Magic/,"Five Years After Paralympic Debut, Jarryd Wallace Looking For More London Magic",245,,,,,,,,
/News/2017/July/14/Five-For-Friday-Paralympic-Track-And-Field/,Five For Friday: Paralympic Track And Field,245,,,,,,,,
/News/2017/July/17/Lake-Placid-To-Host-2021-Bobsled-And-Skeleton-World-Championships/,Lake Placid To Host 2021 Bobsled And Skeleton World Championships,245,,,,,,,,
/News/2017/June/02/Five-For-Friday-Softball/,Five For Friday: Softball,245,,,,,,,,
/News/2017/June/11/The-Dominance-Continues-As-US-Women-Take-Water-Polo-World-League-Title/,The Dominance Continues As U.S. Women Take Water Polo World League Title,245,,,,,,,,
/News/2017/June/11/US-Mens-Volleyball-Posts-Strong-Weekend-Of-Wins-In-World-League-Despite-Setback-To-France/,"U.S. Men’s Volleyball Posts Strong Weekend Of Wins In World League, Despite Setback To France",245,,,,,,,,
/News/2017/June/14/Four-Olympians-Set-to-Compete-in-the-US-Open/,Four Olympians Set To Compete In The U.S. Open,245,,,,,,,,
/News/2017/June/30/Red-White-Trending-June-23-29/,"Red, White & Trending: June 23-29",245,,,,,,,,
/News/2017/July/03/TeamUSAs-Tweets-Of-The-Week/,#TeamUSA's Tweets Of The Week,238,,,,,,,,
/News/2017/June/02/Five-For-Friday-Paralympic-Track-and-Field/,Five For Friday: Paralympic Track and Field,238,,,,,,,,
/News/2017/June/16/Five-For-Friday-Beach-Volleyball/,Five For Friday: Beach Volleyball,238,,,,,,,,
/News/2017/June/16/Olympians-Malloy-Delgado-Give-Team-USA-A-Strong-Start-At-Judo-Grand-Prix/,"Olympians Malloy, Delgado Give Team USA A Strong Start At Judo Grand Prix",238,,,,,,,,
/News/2017/May/15/Summer-Champions-Series-Is-Just-Getting-Started-With-Track-And-Field-Swimming-Diving-Nationals/,"The Team USA Summer Champions Series Is Just Getting Started With Track And Field, Swimming, Diving Nationals Remaining",238,,,,,,,,
/News/2017/July/03/Team-USAs-Guide-To-12-Fourth-Of-July-Recipes-You-NEED-To-Try-This-Year/,Team USA's Guide To 12 Fourth Of July Recipes You NEED To Try This Year,230,,,,,,,,
/News/2017/July/17/20-Things-We-Learned-About-Team-USA-Last-Week/,20 Things We Learned About Team USA Last Week,230,,,,,,,,
/News/2017/June/16/Five-For-Friday-Volleyball/,Five For Friday: Volleyball,230,,,,,,,,
/News/2017/June/21/Auston-Matthews-Is-First-US-Born-Player-To-Win-NHL-Rookie-Of-The-Year-Since-2010/,Auston Matthews Is First U.S.-Born Player To Win NHL Rookie Of The Year Since 2010,230,,,,,,,,
/News/2017/June/24/At-42-Amber-Neben-Finally-Claims-Second-Time-Trial-Cycling-National-Title/,"At 42, Amber Neben Finally Claims Second Time Trial Cycling National Title",230,,,,,,,,
/News/2017/June/30/Five-For-Friday-Gymnastics/,Five For Friday: Gymnastics,230,,,,,,,,
/News/2017/July/14/Legends-By-Sleeping-With-Sirens-Announced-As-Team-USAs-Official-Song-On-Road-To-PyeongChang/,"""Legends"" By Sleeping With Sirens Announced As Team USA's Official Song On Road To PyeongChang",223,,,,,,,,
/News/2017/June/06/These-18-Team-USA-Athletes-Are-Top-Contenders-For-NCAA-Track-And-Field-Titles-In-Eugene/,These 18 Team USA Athletes Are Top Contenders For NCAA Track And Field Titles In Eugene,223,,,,,,,,
/News/2017/June/09/Utah-Olympic-Oval-Awarded-Long-Track-Speedskating-Premiere-World-Championships-For-2020/,Utah Olympic Oval Awarded Long Track Speedskating's Premiere World Championships For 2020,223,,,,,,,,
/News/2017/June/27/The-Week-In-Team-USA-Results-June-20-26/,The Week In Team USA Results: June 20-26,223,,,,,,,,
/News/2017/May/24/A-Look-At-The-34-World-Championship-Medals-Team-USA-Won-This-Winter-And-Their-Significance/,A Look At The 34 World Championship Medals Team USA Won This Winter And Their Significance,223,,,,,,,,
/News/2017/May/25/How-Christian-Taylor-Plans-To-Set-The-Triple-Jump-World-Record/,How Christian Taylor Plans To Set The Triple Jump World Record,223,,,,,,,,
/News/2017/July/14/Five-For-Friday-Wrestling/,Five For Friday: Wrestling,215,,,,,,,,
/News/2017/June/04/USMNT-Salvages-A-Draw-In-Venezuela-Friendly-Ahead-Of-Crucial-World-Cup-Qualifiers/,USMNT Salvages A Draw In Venezuela Friendly Ahead Of Crucial World Cup Qualifiers,215,,,,,,,,
/News/2017/June/09/Five-For-Friday-Wrestling/,Five For Friday: Wrestling,215,,,,,,,,
/News/2017/June/22/Watch-For-These-Team-USA-Players-At-The-NBA-Draft/,Watch For These Team USA Players At The NBA Draft,215,,,,,,,,
/News/2017/May/15/Simone-Biles-Opens-Up-About-Dancing-Judges-Comments-And-Her-Fellow-Celebrity-Competitors/,Simone Biles Opens Up About ‘Dancing’ Judges’ Comments And Her Fellow Celebrity Competitors,215,,,,,,,,
/News/2017/June/10/Retiring-USA-Hockey-Chief-Dave-Ogrean-Leaves-Legacy-Of-International-Success-Grassroots-Growth/,"Retiring USA Hockey Chief Dave Ogrean Leaves Legacy Of International Success, Grassroots Growth And Innovation",208,,,,,,,,
/News/2017/June/17/Judoka-Alexander-Turner-Wins-Bronze-Medal-At-Cancun-Grand-Prix/,Judoka Alexander Turner Wins Bronze Medal At Cancun Grand Prix,208,,,,,,,,
/News/2017/June/23/Five-For-Friday-Archery/,Five For Friday: Archery,208,,,,,,,,
/News/2017/June/29/With-Paralympic-Bronze-In-Her-Pocket-McKenna-Dahl-Shoots-For-Gold-In-Tokyo/,"With Paralympic Bronze In Her Pocket, McKenna Dahl Shoots For Gold In Tokyo",208,,,,,,,,
/News/2017/June/02/Five-For-Friday-Swimming/,Five For Friday: Swimming,201,,,,,,,,
/News/2017/May/25/5-Tips-On-Balancing-An-Olympic-Career-With-College-From-Table-Tennis-Player-Lily-Zhang/,"5 Tips On Balancing An Olympic Career With College, From Table Tennis Player Lily Zhang",201,,,,,,,,
/News/2017/June/02/Five-For-Friday-Beach-Volleyball/,Five For Friday: Beach Volleyball,193,,,,,,,,
/News/2017/June/27/Nathan-Adrian-Wins-14th-National-Long-Course-Freestyle-Title/,Nathan Adrian Wins 14th National Long-Course Freestyle Title,193,,,,,,,,
/News/2017/May/30/Scout-Bassett-Went-From-An-Orphanage-In-China-To-The-Paralympics-And-Shes-Not-Done-Yet/,Scout Bassett Went From An Orphanage In China To The Paralympics And She's Not Done Yet,193,,,,,,,,
/News/2017/July/18/Kiley-Neushul-Is-On-Her-Way-To-More-Water-Polo-Gold-This-Time-With-Her-Sister-On-The-Team/,Kiley Neushul Is On Her Way To More Water Polo Gold – This Time With Her Sister On The Team,186,,,,,,,,
/News/2017/April/12/Aspiring-Olympian-Lauren-Carlini-Is-First-Volleyball-Player-To-Win-AAU-Sullivan-Award/,Aspiring Olympian Lauren Carlini Is First Volleyball Player To Win AAU Sullivan Award,178,,,,,,,,
/News/2017/June/08/BP-Sponsors-US-Paralympics-National-Teams/,BP Sponsors U.S. Paralympics National Teams,178,,,,,,,,
/News/2017/June/28/Climbing-The-Ranks-Jackie-Galloway-Earns-Silver-At-World-Taekwondo-Championships/,Climbing The Ranks Jackie Galloway Earns Silver At World Taekwondo Championships,178,,,,,,,,
/News/2017/May/12/Claes-And-Hughes-Beach-Volleyballs-Next-It-Team-Take-On-Collegiate-Beach-Championships/,"Claes And Hughes, Beach Volleyball’s Next “It” Team, Take On Collegiate Beach Championships",178,,,,,,,,
/News/2017/July/18/Breanna-Clark-Isaac-Jean-Paul-Shatter-World-Records-At-World-Para-Athletics-Championships/,"Breanna Clark, Isaac Jean-Paul Shatter World Records At World Para Athletics Championships",171,,,,,,,,
/News/2017/April/06/Water-Polo-Is-One-Of-The-Fastest-Growing-Sports-Heres-6-Reasons-You-Should-Try-It/,"Water Polo Is One Of The Fastest Growing Sports, Here Are 6 Reasons You Should Try It",163,,,,,,,,
/News/2017/July/06/Susan-and-Will-Brown-Are-The-First-Mother-Son-Duo-To-Make-The-National-Shooting-Team/,Susan And Will Brown Are The First Mother-Son Duo To Make The National Shooting Team,163,,,,,,,,
/News/2017/July/16/Gillette-Campbell-Townsend-All-Successfully-Defend-Field-World-Titles/,"Gillette, Campbell, Townsend All Successfully Defend Gold Medals At World Para Athletics Championships For Team USA",163,,,,,,,,
/News/2017/June/02/Red-White-Trending-May-26-June-1/,"Red, White & Trending: May 26-June 1",163,,,,,,,,
/News/2017/June/05/The-Week-In-16-Photos-May-29-June-4/,The Week In 16 Photos: May 29-June 4,163,,,,,,,,
/News/2017/June/09/Five-For-Friday-Water-Polo/,Five For Friday: Water Polo,163,,,,,,,,
/News/2017/June/12/20-Things-We-Learned-About-Team-USA-Last-Week/,20 Things We Learned About Team USA Last Week,163,,,,,,,,
/News/2017/June/21/International-Olympic-Committee-Signs-Intel-As-Worldwide-TOP-Sponsor-Through-2024/,International Olympic Committee Signs Intel As Worldwide TOP Sponsor Through 2024,163,,,,,,,,
/News/2017/June/30/Five-For-Friday-Beach-Volleyball/,Five For Friday: Beach Volleyball,163,,,,,,,,
/News/2017/May/10/Looking-Back-At-A-Legend-Steven-Holcombs-Career-In-Photos/,Looking Back At A Legend: Steven Holcomb's Career In Photos,163,,,,,,,,
/News/2017/May/25/Bode-Miller-Not-Named-To-US-Ski-Team-But-Sixth-Olympics-Remains-A-Possibility/,"Bode Miller Not Named To U.S. Ski Team, But Sixth Olympics Remains A Possibility",163,,,,,,,,
/News/2017/February/07/A-Look-At-PyeongChang-And-The-2018-Olympic-Venues-With-One-Year-To-Go/,A Look At PyeongChang And The 2018 Olympic Venues With One Year To Go,156,,,,,,,,
/News/2017/June/11/Taylor-Spivey-Wins-Career-First-World-Triathlon-Series-Medal-A-Silver/,"Taylor Spivey Wins Career-First World Triathlon Series Medal, A Silver",156,,,,,,,,
/News/2017/June/13/IOC-Very-Happy-With-Beijing-Prep-For-2022-Olympic-Winter-Games/,IOC 'Very Happy' With Beijing Prep For 2022 Olympic Winter Games,156,,,,,,,,
/News/2017/June/30/Five-For-Friday-Basketball/,Five For Friday: Basketball,156,,,,,,,,
/News/2017/May/30/Loaded-200-Meter-Field-Proved-To-Be-No-Problem-For-Rising-Track-Star-Tori-Bowie/,Loaded 200-Meter Field Proved To Be No Problem For Rising Track Star Tori Bowie,156,,,,,,,,
/News/2017/July/17/Tatyana-McFadden-Continues-Her-Quest-For-Domination-With-2-World-Titles-In-One-Day/,Tatyana McFadden Continues Her Quest For Domination With 2 World Titles In One Day,149,,,,,,,,
/News/2017/June/13/The-Week-In-Team-USA-Results-June-6-12/,The Week In Team USA Results: June 6-12,149,,,,,,,,
/News/2017/June/16/Five-For-Friday-Rowing/,Five For Friday: Rowing,149,,,,,,,,
/News/2017/June/18/Brooks-Koepka-Wins-US-Open-Ties-Lowest-Winning-Score-In-Tournament-History/,"Brooks Koepka Wins U.S. Open, Ties Lowest Winning Score In Tournament History",149,,,,,,,,
/News/2017/June/12/The-Week-In-16-Photos-June-5-11/,The Week In 16 Photos: June 5-11,141,,,,,,,,
/News/2017/May/16/Former-Gymdogs-Star-Courtney-Kupets-Carter-Ready-To-Leave-New-Legacy-At-Georgia-As-Head-Coach/,She’s Back: Former Gymdogs Star Courtney Kupets Carter Ready To Leave New Legacy At Georgia As Head Coach,141,,,,,,,,
/News/2017/April/20/20-Of-Team-USAs-Best-Celebrity-Look-Alikes/,20 Of Team USA's Best Celebrity Look Alikes,134,,,,,,,,
/News/2017/July/07/Five-For-Friday-Sailing/,Five For Friday: Sailing,134,,,,,,,,
/News/2017/June/16/Five-For-Friday-Judo/,Five For Friday: Judo,134,,,,,,,,
/News/2017/June/27/Paige-McPherson-Wins-Silver-At-World-Taekwondo-Championships-For-Team-USAs-Highest-Finish-In-8-Years/,Paige McPherson Wins Silver At World Taekwondo Championships For Team USA’s Highest Finish In 8 Years,134,,,,,,,,
/News/2017/April/19/Jason-Brown-Lives-To-Cheer-On-His-Figure-Skating-Teammates-At-World-Team-Trophy/,"Jason Brown ""Lives"" To Cheer On His Figure Skating Teammates At World Team Trophy",126,,,,,,,,
/News/2017/June/05/TeamUSAs-Tweets-Of-The-Week/,#TeamUSA's Tweets Of The Week,126,,,,,,,,
/News/2017/June/22/Guy-Gosselin-Named-Head-Coach-of-US-Paralympic-Sled-Hockey-Team/,Guy Gosselin Named Head Coach of U.S. Paralympic Sled Hockey Team,126,,,,,,,,
/News/2017/May/06/Olympic-Family-Mourns-The-Loss-Of-Olympic-Champion-Bobsledder-Steven-Holcomb/,Olympic Family Mourns The Loss Of Olympic Champion Bobsledder Steven Holcomb,126,,,,,,,,
/News/2017/May/13/USA-Volleyball-Collegiate-Beach-Championships-Winners/,"Dominant Claes/Hughes, Newly-Formed Saeta/Yoder Win USA Volleyball Collegiate Beach Championships, Make National Team",126,,,,,,,,
/News/2017/April/24/Hopeful-Ashley-Wagner-Reflects-On-Astronomically-Difficult-Season-Looks-Ahead-to-2018/,"Hopeful Ashley Wagner Reflects On “Astronomically” Difficult Season, Looks Ahead To 2018",119,,,,,,,,
/News/2017/June/30/Five-For-Friday-Golf/,Five For Friday: Golf,119,,,,,,,,
/News/2017/July/17/TeamUSAs-Tweets-Of-The-Week/,#TeamUSA's Tweets Of The Week,111,,,,,,,,
/News/2017/July/18/The-Week-In-Team-USA-Results-July-11-17/,The Week In Team USA Results: July 11-17,111,,,,,,,,
/News/2017/June/09/Five-For-Friday-Archery/,Five For Friday: Archery,104,,,,,,,,
/News/2017/June/09/Five-For-Friday-Beach-Volleyball/,Five For Friday: Beach Volleyball,104,,,,,,,,
/News/2017/March/08/Who-Were-The-First-US-Women-To-Win-Olympic-Gold-In-Each-Sport/,Who Were The First U.S. Women To Win Olympic Gold In Each Sport?,104,,,,,,,,
/News/2017/May/10/How-Olympic-Triathlete-Katie-Zaferes-Tiny-House-Just-Might-Help-Her-Win-Gold-In-2020?linkId=37483671,How Olympic Triathlete Katie Zaferes’ Tiny House Just Might Help Her Win Gold In 2020,104,,,,,,,,
/News/2017/May/21/Justin-Gatlin-Wins-100-Meter-At-Golden-Grand-Prix-In-Japan/,Justin Gatlin Wins 100-Meter At Golden Grand Prix In Japan,104,,,,,,,,
/News/2017/April/18/Nancy-Kerrigan-Blogs-About-The-Thrill-Of-Disney-Week-And-Sets-The-Record-Straight/,Nancy Kerrigan Blogs About The Thrill Of Disney Week And Sets The Record Straight About Her Personal Life,97,,,,,,,,
/News/2017/February/09/With-New-Coaches-And-A-New-Environment-Gracie-Gold-Hopes-For-Bright-Olympic-Season/,Figure Skater Gracie Gold Looks To New Coaches And Olympics,97,,,,,,,,
/News/2017/July/06/Susan-and-Will-Brown-Are-The-First-Mother-Son-Duo-To-Make-The-National-Shooting-Team/,Susan and Will Brown Are The First Mother-Son Duo To Make The National Shooting Team,97,,,,,,,,
/News/2017/July/18/Late-Surge-Sends-Jordan-Wilimovsky-From-49th-To-10K-Silver-Medal-At-World-Championships/,Late Surge Sends Jordan Wilimovsky From 49th To 10K Silver Medal At World Championships,97,,,,,,,,
/News/2017/July/18/Team-USA-Is-Sending-16-Olympians-With-11-Medals-To-The-World-Fencing-Championships-Meet-The-Team/,Team USA Is Sending 16 Olympians – With 11 Medals – To The World Fencing Championships. Meet The Team.,97,,,,,,,,
/News/2017/July/18/US-Womens-Field-Hockey-Team-Earns-World-League-Finals-World-Cup-Berths/,"U.S. Women’s Field Hockey Team Earns World League Finals, World Cup Berths",97,,,,,,,,
/News/2017/June/19/TeamUSAs-Tweets-Of-The-Week/,#TeamUSA's Tweets Of The Week,97,,,,,,,,
/News/2017/June/19/The-Week-In-16-Photos-June-12-18/,The Week In 16 Photos: June 12-18,97,,,,,,,,
/News/2017/March/16/US-Olympic-Committee-Names-Comcast-As-Presenting-Sponsor-Of-The--Team-USA-Champions-Series/,U.S. Olympic Committee Names Comcast As Presenting Sponsor Of The Team USA Champions Series Through 2020,97,,,,,,,,
/News/2017/May/02/Nancy-Kerrigan-Blogs-About-The-Non-Stop-DWTS-Schedule-And-Her-Elimination-From-The-Show/,Nancy Kerrigan Blogs About The Non-Stop DWTS Schedule And Her Elimination From The Show,97,,,,,,,,
/News/2017/May/04/Water-Polo-Star-Johnny-Hooper-Led-Team-USA-To-Silver-Cal-To-An-NCAA-Title-And-Hes-Only-19/,"Water Polo Star Johnny Hooper Led Team USA To Silver, Cal To An NCAA Title. And He’s Only 19.",97,,,,,,,,
/News/2017/January/30/What-A-Year-Rugby-Olympian-Nate-Ebner-Is-Super-Bowl-Bound-With-New-England-Patriots/,What A Year! Rugby Olympian Nate Ebner Is Super Bowl-Bound With New England Patriots,89,,,,,,,,
/News/2017/June/14/What-To-Watch-For-When-The-US-Open-Tees-Off-This-Week/,What To Watch For When The US Open Tees Off This Week,89,,,,,,,,
/News/2017/June/23/Red-White-Trending-June-16-22/,"Red, White & Trending: June 16-22",89,,,,,,,,
/News/2017/March/22/10-Team-USA-Women-Everyone-Should-Look-Up-To/,10 Team USA Women Everyone Should Look Up To,89,,,,,,,,
/News/2017/May/18/WhereITrain-A-Look-At-Where-The-Best-Wrestlers-In-The-United-States-Train/,#WhereITrain – A Look At Where The Best Wrestlers In The United States Train,89,,,,,,,,
/News/2017/June/21/LA-2024-Invites-Kids-To-Follow-The-Sun-Try-Olympic-Sports-With-Exciting-Olympic-Day-Celebration/,"LA 2024 Invites Kids To Follow The Sun, Try Olympic Sports With Exciting Olympic Day Celebration",82,,,,,,,,
/News/2017/May/09/Anthony-Ervin-Oldest-Individual-Swimming-Gold-Medalist-Eager-To-Take-On-Younger-Generation/,"Anthony Ervin, Oldest Individual Swimming Gold Medalist, Eager To Take On Younger Generation",82,,,,,,,,
/News/2017/May/17/USA-Luge-Announces-Summer-Training-Group-From-Which-Olympic-Team-Will-Be-Selected/,"USA Luge Announces Summer Training Group, From Which Olympic Team Will Be Selected",82,,,,,,,,
/News/2017/July/10/Kikkan-Randall-Nominated-For-IOC-Athletes-Commission/,Kikkan Randall Nominated For IOC Athletes Commission,74,,,,,,,,
/News/2017/July/10/Kikkan-Randall-Nominated-For-IOC-Athletes-Commission/,Page not found,74,,,,,,,,
/News/2017/June/29/Adam-Rippon-When-I-Came-Out-Is-When-I-Started-To-Own-Who-I-Am-As-A-Person?t=1&cn=ZmxleGlibGVfcmVjc18y&iid=89a7dbca881a4c99a39d3b8df0823689&uid=337303073&nid=244+276893704,Adam Rippon: When I Came Out Is When I Started To Own Who I Am As A Person,74,,,,,,,,
/News/2017/May/11/Celebration-Of-Steven-Holcombs-Life-He-Won-Gold-And-He-Had-A-Heart-of-Gold/,"Celebration Of Steven Holcomb’s Life: “He Won Gold, And He Had A Heart of Gold”",74,,,,,,,,
/News/2017/May/24/In-Her-Final-DWTS-Blog-Nancy-Kerrigan-Thanks-Fans-And-Encourages-Everyone-To-Dance/,"In Her Final DWTS Blog, Nancy Kerrigan Thanks Fans And Encourages Everyone To Dance",74,,,,,,,,
/News/2017/May/29/The-Week-In-16-Photos-May-22-28/,The Week In 16 Photos: May 22-28,74,,,,,,,,
/News/2017/February/13/New-Beach-Volleyball-Tandem-Brooke-Sweat-And-Summer-Ross-Impresses-With-Fourth-Place-Finish-In-Debut/,New Beach Volleyball Tandem Brooke Sweat And Summer Ross Impresses With Fourth-Place Finish In Debut,67,,,,,,,,
/News/2017/January/21/Karen-Chen-17-Overtakes-Several-Olympians-To-Win-First-US-Figure-Skating-Title/,"Karen Chen, 17, Overtakes Several Olympians To Win First U.S. Figure Skating Title",67,,,,,,,,
/News/2017/June/22/Pregnant-Alysia-Montano-Is-Literally-Wonder-Woman-At-Track-And-Field-Nationals?ncid=edlinkushpmg00000313,Pregnant Alysia Montano Is Literally Wonder Woman At Track And Field Nationals,67,,,,,,,,
/News/2017/March/21/These-US-Women-Could-Be-The-Stars-Next-Winter-At-The-PyeongChang-Olympics/,These U.S. Women Could Be The Stars Next Winter At The PyeongChang Olympics,67,,,,,,,,
/News/2017/March/22/At-Just-19-Years-Old-Katie-Ledecky-Inducted-To-Maryland-Womens-Hall-Of-Fame/,"At Just 19 Years Old, Katie Ledecky Youngest Inductee To Maryland Women’s Hall Of Fame",67,,,,,,,,
/News/2017/March/23/The-29-Most-Decorated-Female-US-Olympians/,The 29 Most Decorated Female U.S. Olympians Of All Time,67,,,,,,,,
/News/2017/May/08/Kick-Off-Your-Socks-With-These-11-Sports-On-No-Socks-Day/,Kick Off Your Socks With These 11 Sports On No Socks Day,67,,,,,,,,
/News/2017/May/18/East-Meets-West-As-Team-USA-Wrestlers-Dominate-Over-Japan-In-Times-Square/,East Meets West As Team USA Wrestlers Dominate Over Japan In Times Square,67,,,,,,,,
/News/2017/April/04/Nancy-Kerrigan-Blogs-About-Learning-To-Samba-From-Ricky-Martin-Importance-Of-A-Tight-Schedule/,"Nancy Kerrigan Blogs About Learning To Samba From Ricky Martin, Importance Of A Tight Schedule While On DWTS",59,,,,,,,,
/News/2017/April/10/12-Sets-Of-Siblings-That-Could-Be-Competing-Together-At-The-2018-Olympics/,12 Sets Of Siblings That Could Be Competing Together At The 2018 Olympics,59,,,,,,,,
/News/2017/February/04/JR-Celski-Earns-First-Individual-World-Cup-Medal-In-Over-3-Years/,J.R. Celski Earns First Individual World Cup Medal In Over 3 Years,59,,,,,,,,
/News/2017/January/22/Nathan-Chen-Becomes-First-Figure-Skater-Ever-To-Land-5-Quads-En-Route-To-His-First-National-Title/,Nathan Chen Becomes First Figure Skater Ever To Land 5 Quads En Route To His First National Title,59,,,,,,,,
/News/2017/June/11/1984-Olympic-Bronze-Medalist-Evander-Holyfield-Inducted-Into-International-Boxing-Hall-Of-Fame/,1984 Olympic Bronze Medalist Evander Holyfield Inducted Into International Boxing Hall Of Fame,59,,,,,,,,
/News/2017/May/03/What-Are-Lindsey-Vonns-3-Remaining-Career-Goals/,What Are Lindsey Vonn’s 3 Remaining Career Goals?,59,,,,,,,,
/News/2017/May/12/USA-Curling-Names-Teams-To-Compete-At-2018-US-Olympic-Team-Trials/,USA Curling Names Teams To Compete At 2018 U.S. Olympic Team Trials,59,,,,,,,,
/News/2017/May/22/US-Olympic-Committee-Commends-Colorado-Medal-Tax-Exemption-Bill-For-Team-USA-Athletes/,U.S. Olympic Committee Commends Colorado Medal Tax Exemption Bill For Team USA Athletes,59,,,,,,,,
/News/2017/May/31/The-Week-In-Team-USA-Results-May-23-31/,The Week In Team USA Results: May 23-31,59,,,,,,,,
/News/2017/January/05/For-First-Time-In-9-Years-USA-Softball-National-Team-Camp-Has-An-Olympic-Feel/,"For First Time In 9 Years, USA Softball National Team Camp Has An Olympic Feel",52,,,,,,,,
/News/2017/January/21/Maia-And-Alex-Shibutani-Repeat-As-US-Ice-Dance-Champions/,Maia And Alex Shibutani Repeat As U.S. Ice Dance Champions,52,,,,,,,,
/News/2017/January/21/Nathan-Chen-Shatters-US-Mens-Short-Program-Record-At-US-Figure-Skating-Championships/,Nathan Chen Shatters U.S. Men's Short Program Record At U.S. Figure Skating Championships,52,,,,,,,,
/News/2017/June/11/Brady-Ellison-Claims-Silver-Medal-At-Archerys-Antalya-World-Cup/,Brady Ellison Claims Silver Medal At Archery's Antalya World Cup,52,,,,,,,,
/News/2017/June/16/Five-For-Friday-Golf/,Five For Friday: Golf,52,,,,,,,,
/News/2017/May/02/At-18-Veteran-Aria-Fischer-Leads-US-Water-Polo-Team-Into-Womens-Intercontinental-Tournament/,"At 18, “Veteran” Aria Fischer Leads U.S. Water Polo Team Into Women’s Intercontinental Tournament",52,,,,,,,,
/News/2017/May/19/Army-Sergeant-Paralympic-Gold-Medalist-Elizabeth-Marks-Marches-On-After-Lifes-Battles/,"Army Sergeant, Paralympic Gold Medalist Elizabeth Marks Marches On After Life's Battles",52,,,,,,,,
/News/2017/May/27/Tori-Bowie-Beats-Olympic-Champions-Christian-Taylor-Approaches-World-Record-At-Prefontaine-Classic/,"Tori Bowie Beats Olympic Champions, Christian Taylor Approaches World Record At Prefontaine Classic",52,,,,,,,,
/News/2017/May/31/Los-Angeles-Hosted-Nationals-Next-Up-On-Lex-Gillettes-Almost-Complete-List-Of-Goals/,Los Angeles-Hosted Nationals Next Up On Lex Gillette's Almost-Complete List Of Goals,52,,,,,,,,
/News/2017/April/06/Missy-Franklin-Why-My-Time-As-A-Student-Athlete-At-Cal-Meant-The-World-To-Me/,Missy Franklin: Why My Time As A Student-Athlete At Cal Meant The World To Me,45,,,,,,,,
/News/2017/April/18/Final-Five-Members-Aly-Raisman-Laurie-Hernandez-Discuss-Competitive-Returns-Passions-Outside-The-Gym/,"""Final Five"" Members Aly Raisman, Laurie Hernandez Discuss Competitive Returns, Passions Outside The Gym",45,,,,,,,,
/News/2017/April/24/Ashton-And-Brianne-Eaton-Plan-Move-From-Oregon-To-Bay-Area-Hope-For-Future-Trip-To-Mars/,"Ashton And Brianne Eaton Plan Move From Oregon To Bay Area, Hope For Future Trip To Mars",45,,,,,,,,
/News/2017/April/27/How-The-USOCs-Athlete-Career-Program-Helped-Chris-Murphy-Go-From-eBay-Parts-To-World-Titles/,How The USOC's Athlete Career Program Helped Chris Murphy Go From eBay Parts To World Titles,45,,,,,,,,
/News/2017/February/06/One-Year-Out-Excitement-For-PyeongChang-Olympics-Builds/,"One Year Out, Excitement For PyeongChang Olympics Builds",45,,,,,,,,
/News/2017/January/08/Madison-Kocian-Wins-All-Around-At-Collegiate-Gymnastics-Debut/,Madison Kocian Wins All-Around At Collegiate Gymnastics Debut,45,,,,,,,,
/News/2017/January/24/Han-Xiao-Elected-Chair-Of-US-Olympic-Committee-Athletes-Advisory-Council/,Han Xiao Elected Chair Of U.S. Olympic Committee Athletes' Advisory Council,45,,,,,,,,
/News/2017/March/04/US-Gymnasts-Ragan-Smith-Yul-Moldauer-Kick-Off-Tokyo-2020-Campaign-With-ATT-American-Cup-Wins/,"U.S. Gymnasts Ragan Smith, Yul Moldauer Kick Off Tokyo 2020 Campaign With AT&T American Cup Wins",45,,,,,,,,
/News/2017/March/06/Wired-Differently-2000-Olympic-Diving-Champ-Laura-Wilkinson-Returns-At-Age-39/,"“Wired Differently,” 2000 Olympic Diving Champ Laura Wilkinson Returns At Age 39",45,,,,,,,,
/News/2017/March/20/20-Times-Team-USA-Women-Stole-The-Show-At-The-Rio-Olympics/,20 Times Team USA Women Stole The Show At The Rio Olympics,45,,,,,,,,
/News/2017/May/03/10-Reasons-Why-Hermosa-Beach-Is-The-Perfect-Host-For-The-Collegiate-Beach-Championships/,10 Reasons Why Hermosa Beach Is The Perfect Host For The Collegiate Beach Championships,45,,,,,,,,
/News/2017/May/05/30-Coaches-Graduate-From-9th-Edition-Of-International-Coaching-Enrichment-Certification-Program/,30 Coaches Graduate From 9th Edition Of International Coaching Enrichment Certification Program,45,,,,,,,,
/News/2017/May/11/My-Name-Is-Jamie-Sinclair-And-Im-A-Curler-With-An-Olympic-Dream/,"My Name Is Jamie Sinclair, And I’m A Curler With An Olympic Dream",45,,,,,,,,
/News/2017/May/17/BMX-Road-Track-Mountain-Whats-The-Difference-A-Look-At-The-Types-of-Olympic-Bikes/,"BMX, Road, Track, Mountain – What’s The Difference? A Look At The Types of Olympic Bikes",45,,,,,,,,
/News/2017/May/18/Steven-Holcombs-Teammates-Share-Favorite-Memories-What-The-Bobsled-Legend-Meant-To-Them/,"Steven Holcomb’s Teammates Share Favorite Memories, What The Bobsled Legend Meant To Them",45,,,,,,,,
/News/2017/May/21/US-Womens-Archery-Team-Starts-World-Cup-Season-With-Silver-First-Medal-In-Nearly-2-Years/,"U.S. Women’s Archery Team Starts World Cup Season With Silver, First Medal In Nearly 2 Years",45,,,,,,,,
/News/2017/May/22/No-Horsing-Around-3-Time-Olympic-Medalist-McLain-Ward-Answers-Your-Burning-Equestrian-Questions/,No Horsing Around: 3-Time Olympic Medalist McLain Ward Answers Your Burning Equestrian Questions,45,,,,,,,,
/News/2017/May/23/Photos-Luge-Athletes-Turn-Up-The-Heat-For-Team-USA-Cooking-Challenge/,Photos: Luge Athletes Turn Up The Heat For Team USA Cooking Challenge,45,,,,,,,,
/News/2017/May/29/Celebrate-Carmelo-Anthonys-33rd-Birthday-With-33-Photos-Of-Him-Balling-At-The-Olympic-Games/,Celebrate Carmelo Anthony's 33rd Birthday With 33 Photos Of Him Balling At The Olympic Games,45,,,,,,,,
/News/2017/April/01/US-Womens-Gymnastics-Team-Riley-McCusker-Golden-At-City-Of-Jesolo-Trophy/,"U.S. Women’s Gymnastics Team, Riley McCusker Golden At City Of Jesolo Trophy",37,,,,,,,,
/News/2017/April/11/Nancy-Kerrigan-Blogs-About-Paying-Tribute-To-Motherhood-On-Dancing-With-The-Stars/,Nancy Kerrigan Blogs About Paying Tribute To Motherhood On “Dancing With The Stars”,37,,,,,,,,
/News/2017/April/13/US-Womens-Cycling-Team-Defends-Team-Pursuit-World-Championship/,U.S. Women's Cycling Team Defends Team Pursuit World Championship,37,,,,,,,,
/News/2017/February/01/15-Favorite-Comeback-Moments-In-Olympic-History-To-Celebrate-National-Get-Up-Day/,15 Favorite Comeback Moments In Olympic History To Celebrate National Get Up Day,37,,,,,,,,
/News/2017/February/08/5-Storylines-To-Follow-At-Speedskatings-World-Single-Distances-Championships/,5 Storylines To Follow At Speedskating’s World Single Distances Championships,37,,,,,,,,
/News/2017/February/13/Matthew-Centrowitz-Sets-Sights-On-Winning-Worlds-Racing-Longer-Distances-At-Next-Two-Olympics/,"Matthew Centrowitz Sets Sights On Winning Worlds, Racing Longer Distances At Next Two Olympics",37,,,,,,,,
/News/2017/January/03/Vote-On-Team-USAs-Top-Athletes-From-December/,Vote On Team USA's Top Athletes From December,37,,,,,,,,
/News/2017/January/12/Backstroker-Matt-Grevers-Returns-To-Competition-After-Surprising-Olympic-Trials-Miss/,Backstroker Matt Grevers Returns To Competition After Surprising Olympic Trials Miss,37,,,,,,,,
/News/2017/January/28/Elena-Hights-First-X-Games-Gold-Ends-Chloe-Kims-Eight-Win-Streak/,Elena Hight’s First X Games Gold Ends Chloe Kim’s Eight-Win Streak,37,,,,,,,,
/News/2017/March/27/Deajah-Stevens-Long-Road-To-Oregon-Led-To-Unexpected-Early-Olympic-Berth/,Deajah Stevens’ Long Road To Oregon Led To Unexpected Early Olympic Berth,37,,,,,,,,
/News/2017/March/27/Finally-Healthy-Again-Skater-Alexa-Scimeca-Knierim-Is-Grateful-For-Worlds-Spot/,"Finally Healthy Again, Skater Alexa Scimeca Knierim Is Grateful For Worlds Spot",37,,,,,,,,
/News/2017/May/01/The-Week-In-16-Photos-April-24-30/,The Week In 16 Photos: April 24-30,37,,,,,,,,
/News/2017/May/08/Americas-Most-Decorated-Fencer-Mariel-Zagunis-Announces-Pregnancy/,"America’s Most-Decorated Fencer, Mariel Zagunis, Announces Pregnancy",37,,,,,,,,
/News/2017/May/13/Bershawn-Jackson-Kicks-Off-His-Final-Diamond-League-Season-With-A-Win-In-Shanghai/,Bershawn Jackson Kicks Off His Final Diamond League Season With A Win In Shanghai,37,,,,,,,,
/News/2017/May/13/Connor-Fields-Earns-Gold-At-BMX-World-Cup-For-Second-Podium-In-Three-Events/,Connor Fields Earns Gold At BMX World Cup For Second Podium In Three Events,37,,,,,,,,
/News/2017/May/14/Maggie-Steffens-Late-Goal-Gives-Stanford-NCAA-Womens-Water-Polo-Title/,Maggie Steffens’ Late Goal Gives Stanford NCAA Women’s Water Polo Title,37,,,,,,,,
/News/2017/April/06/Meet-12-Olympians-Who-Have-Excelled-As-NCAA-Student-Athletes-Since-The-Rio-Games/,Meet 12 Olympians Who Have Excelled As NCAA Student-Athletes Since The Rio Games,30,,,,,,,,
/News/2017/April/13/US-Olympic-Committee-Applauds-Colorado-In-State-Tuition-Bill-For-Team-USA-Athletes/,"U.S. Olympic Committee Applauds Colorado In-State Tuition Bill For Team USA Athletes, Reaffirms Commitment To Athlete Education",30,,,,,,,,
/News/2017/April/17/20-Things-We-Learned-About-Team-USA-Last-Week/,20 Things We Learned About Team USA Last Week,30,,,,,,,,
/News/2017/April/26/Nic-Carniglia-The-Day-I-Was-Cut-Before-The-Olympics-Was-The-Day-I-Started-Preparing-For-2020/,Water Polo’s Nic Carniglia: The Day I Was Cut Before The Olympics Was The Day I Started Preparing For 2020,30,,,,,,,,
/News/2017/April/28/Red-White-Trending-April-21-27/,"Red, White & Trending: April 21-27",30,,,,,,,,
/News/2017/April/29/US-Mens-Water-Polo-Team-Takes-Silver-At-FINA-Intercontinental-Tournament/,U.S. Men's Water Polo Team Takes Silver At FINA Intercontinental Tournament,30,,,,,,,,
/News/2017/February/01/Scott-Hamilton-On-The-Importance-Of-Falling-Down-And-Getting-Back-Up/,"Scott Hamilton On The Importance Of Falling Down And Getting Back Up, And Status Of His Third Brain Tumor",30,,,,,,,,
/News/2017/February/03/Five-For-Friday-Cross-Country-Skiing-Nordic-Combined/,Five For Friday: Cross-Country Skiing/Nordic Combined,30,,,,,,,,
/News/2017/February/06/Team-USA-Valentines-Day-Gift-Guide/,Wondering What To Get Your Valentine? Shop Team USA's Gift Guide,30,,,,,,,,
/News/2017/February/09/One-Year-Out-From-The-Olympics-Team-USA-Urges-NYC-Students-To-Dream-Big/,"One Year Out From The Olympics, Team USA Urges NYC Students To Dream Big",30,,,,,,,,
/News/2017/February/11/Race-Imboden-Takes-Foil-Bronze-In-Germany-For-Second-World-Cup-Medal-This-Season/,Race Imboden Takes Foil Bronze In Germany For Second World Cup Medal This Season,30,,,,,,,,
/News/2017/February/15/Team-USA-Looks-To-End-These-Gold-Medal-Droughts-At-The-PyeongChang-Olympics/,Team USA Looks To End These Gold-Medal Droughts At The PyeongChang Olympics,30,,,,,,,,
/News/2017/February/16/Helen-Maroulis-On-The-Importance-Of-Womens-College-Wrestling-And-How-It-Shaped-Her-Life/,Helen Maroulis On The Importance Of Women’s College Wrestling And How It Shaped Her Life,30,,,,,,,,
/News/2017/February/22/Meryl-Davis-And-Charlie-White-Announce-They-Will-Not-Return-For-2018-Olympics-Discuss-Their-Futures/,Meryl Davis And Charlie White Announce They Will Not Return For 2018 Olympics Discuss Their Futures,30,,,,,,,,
/News/2017/January/04/Two-Time-Olympic-Decathlon-Champion-Ashton-Eaton-Announces-Retirement/,Two-Time Olympic Decathlon Champion Ashton Eaton Announces Retirement,30,,,,,,,,
/News/2017/January/06/Five-For-Friday-Alpine-Skiing/,Five For Friday: Alpine Skiing,30,,,,,,,,
/News/2017/January/18/President-Obama-Adds-4-Olympians-To-Presidents-Council-On-Fitness-Sports-And-Nutrition/,"President Obama Adds 4 Olympians To President's Council On Fitness, Sports And Nutrition",30,,,,,,,,
/News/2017/June/12/TeamUSAs-Tweets-Of-The-Week/,#TeamUSA's Tweets Of The Week,30,,,,,,,,
/News/2017/June/18/Womens-Eight-Boat-Takes-Third-At-Rowing-World-Cup-Ending-Unprecedented-Winning-Streak/,"Women's Eight Boat Takes Third At Rowing World Cup, Ending Unprecedented Winning Streak",30,,,,,,,,
/News/2017/June/22/Pregnant-Alysia-Montano-Is-Literall/,Page not found,30,,,,,,,,
/News/2017/March/20/Meryl-Davis-On-The-Pressures-And-Responsibilities-Of-Being-A-Woman-Of-Team-USA/,Meryl Davis On The Pressures And Responsibilities Of Being A Woman Of Team USA,30,,,,,,,,
/News/2017/March/21/Marathon-Legend-Meb-Keflezighi-Ready-To-Hang-Up-Racing-Shoes-After-Next-Months-Boston-Marathon/,Marathon Legend Meb Keflezighi Ready To Hang Up Racing Shoes After New York City Marathon,30,,,,,,,,
/News/2017/March/23/9-US-Olympians-Share-Their-Definition-Of--Play-Like-A-Girl/,9 U.S. Olympians Share Their Definition Of “Play Like A Girl”,30,,,,,,,,
/News/2017/March/29/Madison-Chock-Blogs-About-Her-Travels-To-Helsinki-As-She-Settles-In-And-Prepares-For-Worlds/,Madison Chock Blogs About Her Travels To Helsinki As She Settles In And Prepares For Worlds,30,,,,,,,,
/News/2017/May/02/After-Two-Olympics-Greco-Romans-Ben-Provisor-Qualified-For-First-His-World-Championships/,"After Two Olympics, Greco-Roman’s Ben Provisor Qualified For His First World Championships",30,,,,,,,,
/News/2017/May/03/Vote-On-Team-USAs-Top-Athletes-From-April/,Vote On Team USA's Top Athletes From April,30,,,,,,,,
/News/2017/May/06/Catching-Up-With-Katie-Ledecky-Freshman-Year-Almost-Done-Worlds-On-The-Horizon/,"Catching Up With Katie Ledecky – Freshman Year Almost Done, Worlds On The Horizon",30,,,,,,,,
/News/2017/May/11/For-Jackson-Bantle-And-Hagen-Smith-Collegiate-Beach-Championships-Is-Event-Theyve-Been-Waiting-For/,"For Jackson Bantle And Hagen Smith, Collegiate Beach Championships Is Event They’ve Been Waiting For",30,,,,,,,,
/News/2017/April/05/Madison-Chocks-World-Championships-Blog-This-Will-Not-Be-The-Moment-That-Defines-Us/,Madison Chock’s World Championships Blog: This Will Not Be The Moment That Defines Us,22,,,,,,,,
/News/2017/April/13/Olympic-Athletes-Know-Stress-Judo-Gold-Medalist-Kayla-Harrison-Shares-Tips-For-Handling-It/,Olympic Athletes Know Stress — Judo Gold Medalist Kayla Harrison Shares Tips For Handling It,22,,,,,,,,
/News/2017/April/16/Cyclist-Sarah-Hammer-Wins-15th-Career-World-Championship-Medal-First-In-Points-Race/,"Cyclist Sarah Hammer Wins 15th Career World Championship Medal, First In Points Race",22,,,,,,,,
/News/2017/April/17/Hawaiian-Snowboarder-Lyon-Farrell-Eyes-2018-Olympics-In-South-Korea/,Hawaiian Snowboarder Lyon Farrell Eyes 2018 Olympics In South Korea,22,,,,,,,,
/News/2017/April/25/Nancy-Kerrigan-Blogs-About-Learning-2-Dances-And-Dealing-With-Suggestive-Choreography/,Nancy Kerrigan Blogs About Learning 2 Dances And Dealing With “Suggestive” Choreography On DWTS,22,,,,,,,,
/News/2017/April/25/World-Team-Trials-Offers-New-Sense-Of-Hope-For-US-Greco-Roman-Team/,World Team Trials Offers New Sense Of Hope For U.S. Greco-Roman Team,22,,,,,,,,
/News/2017/April/26/Team-USAs-Most-Decorated-Rhythmic-Gymnast-Laura-Zeng-Is-Ready-To-Continue-Racking-Up-The-Medals/,"Team USA’s Most Decorated Rhythmic Gymnast, Laura Zeng, Is Ready To Continue Racking Up The Medals",22,,,,,,,,
/News/2017/April/27/Tips-From-Olympic-Legend-Natalie-Coughlin-On-Starting-Your-Own-Garden/,Tips From Olympic Legend Natalie Coughlin On Starting Your Own Garden,22,,,,,,,,
/News/2017/April/29/Olympic-And-World-Champion-Helen-Maroulis-Among-Final-Qualifiers-for-US-Wrestling-World-Team/,Olympic And World Champion Helen Maroulis Among Final Qualifiers for U.S. Wrestling World Team,22,,,,,,,,
/News/2017/April/29/Team-USA-Secures-Mixed-Doubles-Curling-Quota-For-2018-Olympics/,Team USA Secures Mixed Doubles Curling Quota For 2018 Olympics,22,,,,,,,,
/News/2017/February/02/Double-Duty-Is-No-Problem-As-Wrestler-Kyle-Snyder-Grapples-Way-To-Top-Of-NCAA-World/,"Double Duty Is No Problem As Wrestler Kyle Snyder Grapples Way To Top Of NCAA, World",22,,,,,,,,
/News/2017/February/03/Five-For-Friday-Rugby/,Five For Friday: Rugby,22,,,,,,,,
/News/2017/February/04/Team-USA-Men-Sweep-First-Ski-Halfpipe-Olympic-Selection-Event-After-High-Winds-Cancel-Finals/,Team USA Men Sweep First Ski Halfpipe Olympic Selection Event After High Winds Cancel Finals,22,,,,,,,,
/News/2017/February/05/US-Cross-Country-Sprint-Teams-Shine-On-PyeongChang-Olympic-Course/,U.S. Cross-Country Sprint Teams Shine On PyeongChang Olympic Course,22,,,,,,,,
/News/2017/February/05/US-Snowboarders-Sweep-First-Mens-Womens-Slopestyle-Olympic-Qualifier/,"U.S. Snowboarders Sweep First Men’s, Women’s Slopestyle Olympic Qualifier",22,,,,,,,,
/News/2017/February/07/These-2014-US-Olympic-Champions-Aim-To-Defend-Their-Gold-Medals-In-PyeongChang-Next-Year/,These 2014 U.S. Olympic Champions Aim To Defend Their Gold Medals In PyeongChang Next Year,22,,,,,,,,
/News/2017/February/12/Biathlete-Lowell-Bailey-Is-First-Athlete-Of-Any-Sport-To-Qualify-For-2018-US-Olympic-Team/,Biathlete Lowell Bailey Is First Athlete Of Any Sport To Qualify For 2018 U.S. Olympic Team,22,,,,,,,,
/News/2017/February/12/Heather-Bergsma-Makes-History-As-First-Skater-To-Claim-World-Titles-In-500-1000-And-1500/,"Heather Bergsma Makes History As First Skater To Claim World Titles In 500, 1,000 And 1,500",22,,,,,,,,
/News/2017/February/12/Heather-Bergsma-Serves-Notice-With-Mass-Start-Bronze-Shes-A-Quadruple-Medal-Threat-At-2018-Olympics/,Heather Bergsma Serves Notice With Mass Start Bronze: She’s A Quadruple Medal Threat At 2018 Olympics,22,,,,,,,,
/News/2017/February/14/Olympic-Bobsled-Powerhouses-Langton-Fogt-Are-Back-And-Ready-To-Push-Their-Way-To-PyeongChang/,"Olympic Bobsled Powerhouses Langton, Fogt Are Back And Ready To Push Their Way To PyeongChang",22,,,,,,,,
/News/2017/January/05/Snowboarding-Puppy-Family-On-List-For-Ashton-Eaton-And-Wife-In-Retirement/,"Snowboarding, Puppy, Family On List For Ashton Eaton And Wife In Retirement",22,,,,,,,,
/News/2017/January/06/Five-For-Friday-Ice-Hockey/,Five For Friday: Ice Hockey,22,,,,,,,,
/News/2017/January/09/Los-Angeles-To-Host-2017-UCI-Paracycling-Track-World-Championships/,Los Angeles To Host 2017 UCI Para-cycling Track World Championships,22,,,,,,,,
/News/2017/January/10/US-Olympic-Committee-Announces-Best-Of-December-Honors-For-Team-USA-Awards-Presented-By-Dow/,U.S. Olympic Committee Announces Best Of December Honors For Team USA Awards Presented By Dow,22,,,,,,,,
/News/2017/January/11/With-Lindsey-Vonn-Set-To-Return-This-Weekend-Mikaela-Shiffrin-Eager-To-Share-Spotlight/,"With Lindsey Vonn Set To Return This Weekend, Mikaela Shiffrin Eager To Share Spotlight",22,,,,,,,,
/News/2017/January/16/The-Week-In-16-Photos-Jan-9-15/,The Week In 16 Photos: Jan. 9-15,22,,,,,,,,
/News/2017/January/18/US-Snowboardcross-Athletes-Visit-Boys-And-Girls-Club-To-Inspire-Teens/,U.S. Snowboardcross Athletes Visit Boys & Girls Club To Inspire Teens,22,,,,,,,,
/News/2017/January/19/Ashley-Cain-And-Timothy-LeDuc-Headline-Two-First-Year-Pairs-Teams-In-Top-Three-At-US-Championships/,Ashley Cain And Timothy LeDuc Headline Two First-Year Pairs Teams In Top Three After First Night Of U.S. Championships,22,,,,,,,,
/News/2017/January/20/Five-For-Friday-Fencing/,Five For Friday: Fencing,22,,,,,,,,
/News/2017/January/31/In-New-Partnership-Jennie-Finch-Promotes-Softball-Through-Major-League-Baseball/,"In New Partnership, Jennie Finch Promotes Softball Through Major League Baseball",22,,,,,,,,
/News/2017/July/13/Synchro-Divers-Dorman-Hixon-Won-Olympic-Silver-In-Their-Second-Meet-Together/,"Synchro Divers Dorman, Hixon Won Olympic Silver In Their Second Meet Together. What Will They Accomplish At Worlds?",22,,,,,,,,
/News/2017/June/19/20-Things-We-Learned-About-Team-USA-This-Week/,20 Things We Learned About Team USA This Week,22,,,,,,,,
/News/2017/June/22/Pregnant-Alysia-Montano-Is-Litera/,Page not found,22,,,,,,,,
/News/2017/March/15/Meet-The-6-US-Olympic-Champions-Up-For-This-Years-AAU-Sullivan-Award/,Meet The 6 U.S. Olympic Champions Up For This Year's AAU Sullivan Award,22,,,,,,,,
/News/2017/March/17/Red-White-Trending-March-10-16/,"Red, White & Trending: March 10-16",22,,,,,,,,
/News/2017/March/18/Morgan-Hurd-Earns-All-Around-Bronze-At-Stuttgart-World-Cup-In-Her-International-Debut/,Morgan Hurd Earns All-Around Bronze At Stuttgart World Cup In Her International Debut,22,,,,,,,,
/News/2017/March/21/Nancy-Kerrigan-Blogs-About-Her-First-Night-Of-Dancing-With-The-Stars/,"Nancy Kerrigan Blogs About Her First Night Of “Dancing With The Stars""",22,,,,,,,,
/News/2017/March/23/Barely-Teenagers-These-12-Athletes-Are-Team-USAs-Youngest-Female-Olympic-Medalists-Ever/,"Barely Teenagers, These 12 Athletes Are Team USA’s Youngest Female Olympic Medalists Ever",22,,,,,,,,
/News/2017/May/03/Trending-Up-The-US-Mens-Hockey-Team-Looks-For-First-World-Title-Since-1960/,"Trending Up, The U.S. Men’s Hockey Team Looks For First World Title Since 1960",22,,,,,,,,
/News/2017/May/07/Team-USA-Women-Win-Water-Polo-Silver-First-Major-Loss-At-A-Tournament-In-4-Years/,"Team USA Women Win Water Polo Silver, First Major Loss At A Tournament In 4 Years",22,,,,,,,,
/news/2017/may/09/who-to-watch-at-the-usa-volleyball-collegiate-beach-championships/,Who To Watch At The USA Volleyball Collegiate Beach Championships,22,,,,,,,,
/News/2017/May/12/Katie-Zaferes-And-Kirsten-Kasper-Finish-2-3-At-World-Triathlon-Series-In-Yokohama/,Katie Zaferes And Kirsten Kasper Finish 2-3 At World Triathlon Series In Yokohama,22,,,,,,,,
/News/2017/May/20/Jordan-Wilimovsky-Ashley-Twichell-Win-At-US-Open-Water-Swimming-Nationals/,"Jordan Wilimovsky, Ashley Twichell Win At U.S. Open Water Swimming Nationals",22,,,,,,,,
/News/2017/May/23/Oregons-Rhesa-Foster-Joined-Elite-Company-With-Her-Pac-12-Winning-Long-Jump/,Oregon’s Rhesa Foster Joined Elite Company With Her Pac-12-Winning Long Jump,22,,,,,,,,
/News/2017/May/23/Ultimate-Team-Effort-Pushed-US-Womens-Tennis-Team-To-First-Fed-Cup-Final-In-7-Years/,"Ultimate Team Effort Pushed U.S. Women’s Tennis Team To First Fed Cup Final In 7 Years, presented by Ultimate Software",22,,,,,,,,
/News/2017/May/24/Serena-Williams-Accepts-New-Challenge-Diversifying-Silicon-Valley/,Serena Williams Accepts New Challenge – Diversifying Silicon Valley,22,,,,,,,,
/News/2017/May/25/With-Stars-Missing-French-Open-Could-Be-A-Breakout-Opportunity-For-Team-USA/,"With Stars Missing, French Open Could Be A Breakout Opportunity For Team USA",22,,,,,,,,
/News/2017/May/26/Five-For-Friday-Rugby/,Five For Friday: Rugby,22,,,,,,,,
/News/2017/May/26/Five-For-Friday-Table-Tennis/,Five For Friday: Table Tennis,22,,,,,,,,
/News/2017/May/29/18-Things-We-Learned-About-Team-USA-Last-Week/,18 Things We Learned About Team USA Last Week,22,,,,,,,,
/News/2017/May/31/The-US-Olympic-Committee-Announces-Search-For-The-Next/,Page not found,22,,,,,,,,
/translate_c?depth=1&hl=es&prev=search&rurl=translate.google.com.mx&sl=en&sp=nmt4&u=http://www.teamusa.org/News/2017/July/09/Allyson-Felix-Runs-Fastest-400-Meter-In-The-World-On-World-Championships-Track&usg=ALkJrhixSmVwNqsUBOOhJ3zueX8oPKAGmw,Allyson Felix corre más rápido de 400 metros en el mundo en pista de campeonatos del mundo,22,,,,,,,,
/News/2017/April/02/At-Last-McLain-Ward-Wins-World-Cup-Jumping-Final-On-His-17th-Try/,At Last: McLain Ward Wins World Cup Jumping Final On His 17th Try,15,,,,,,,,
/News/2017/April/07/In-Overtime-Victory-Team-USA-Claims-First-Womens-Hockey-World-Title-On-Home-Ice/,"In Overtime Victory, Team USA Claims First Women’s Hockey World Title On Home Ice",15,,,,,,,,
/News/2017/April/10/What-Keeps-This-4-Time-Olympic-Silver-Medalist-Track-Cyclist-Hammering-Away/,What Keeps This 4-Time Olympic Silver Medalist Track Cyclist ‘Hammering’ Away?,15,,,,,,,,
/News/2017/April/13/After-Surgeries-For-Blood-Clots-Tatyana-McFadden-Is-Refocused-On-Boston-Marathon/,"After Surgeries For Blood Clots, Tatyana McFadden Is Refocused On Boston Marathon",15,,,,,,,,
/News/2017/April/13/Olympians-Win-Seven-Of-Eight-Event-Finals-On-First-Night-Of-Arena-Pro-Swim-Series-At-Mesa/,Olympians Win Seven Of Eight Event Finals On First Night Of Arena Pro Swim Series At Mesa,15,,,,,,,,
/News/2017/April/14/Katie-Ledecky-And-Simone-Manuel-Earn-Second-Wins-At-Arena-Pro-Swim-Series-At-Mesa/,Katie Ledecky And Simone Manuel Earn Second Wins At Arena Pro Swim Series At Mesa,15,,,,,,,,
/News/2017/April/14/USA-Hockey-Invites-42-Players-To-US-Womens-National-Team-Selection-Camp/,USA Hockey Invites 42 Players To U.S. Women's National Team Selection Camp,15,,,,,,,,
/News/2017/April/17/Pole-Vaulter-Derek-Miles-Awarded-Olympic-Bronze-Medal-For-2008-Beijing-Games/,Pole Vaulter Derek Miles Awarded Olympic Bronze Medal For 2008 Beijing Games,15,,,,,,,,
/News/2017/April/23/US-Olympic-Committee-Statement-On-The-Passing-Of-USA-Swimming-Executive-Director-Chuck-Wielgus/,U.S. Olympic Committee Statement On The Passing Of USA Swimming Executive Director Chuck Wielgus,15,,,,,,,,
/News/2017/April/26/5-Reasons-Everyone-Can-Look-Up-To-Marcus-Stroman/,5 Reasons Everyone Can Look Up To Marcus Stroman,15,,,,,,,,
/News/2017/February/01/Paralympic-Snowboarder-Mike-Minor-Is-Ready-For-A-Major-Impact-At-World-Championships-Debut/,Para Snowboarder Mike Minor Is Ready For A Major Impact At World Championships Debut,15,,,,,,,,
/News/2017/February/02/After-Missing-The-Olympic-Team-Fencer-Nicole-Ross-Medaled-At-3-Of-3-International-Tournaments/,"After Missing The Olympic Team, Fencer Nicole Ross Medaled At 3 Of 3 International Tournaments",15,,,,,,,,
/News/2017/February/03/Five-For-Friday-Para-Snowboard/,Five For Friday: Para Snowboarding,15,,,,,,,,
/News/2017/February/03/Five-For-Friday-Snowboarding-Freeskiing/,Five For Friday: Snowboarding/Freeskiing,15,,,,,,,,
/News/2017/February/04/Kiley-McKinnon-Finishes-Second-At-Aerials-World-Cup-Kicks-Off-Olympic-Qualifying-For-Team-USA/,"Kiley McKinnon Finishes Second At Aerials World Cup, Kicks Off Olympic Qualifying For Team USA",15,,,,,,,,
/News/2017/February/05/Steven-Holcomb-And-Crew-Find-Their-Groove-Earn-First-Four-Man-Medal-On-European-Track-In-3-Years/,"Steven Holcomb And Crew Find Their Groove, Earn First Four-Man Medal On European Track In 3 Years",15,,,,,,,,
/News/2017/February/06/TeamUSAs-Tweets-Of-The-Week/,#TeamUSA's Tweets Of The Week,15,,,,,,,,
/News/2017/February/06/USOC-Marks-One-Year-Countdown-To-Olympic-Winter-Games-PyeongChang-2018-On-Feb-8/,U.S. Olympic Committee Marks One-Year Countdown To Olympic Winter Games PyeongChang 2018 With Global Celebration On Feb. 8,15,,,,,,,,
/News/2017/February/07/Tim-Burke-This-Is-Team-USAs-Best-Biathlon-Team-Ever-Going-Into-Worlds/,Tim Burke: This Is Team USA's Best Biathlon Team Ever Going Into Worlds,15,,,,,,,,
/News/2017/February/08/Shaun-White-Considers-Competing-In-Skateboarding-At-Its-Olympic-Debut-In-2020/,Shaun White Considers Competing In Skateboarding At Its Olympic Debut In 2020,15,,,,,,,,
/News/2017/February/10/Five-For-Friday-Beach-Volleyball/,Five For Friday: Beach Volleyball,15,,,,,,,,
/News/2017/February/10/Five-For-Friday-Freestyle-Skiing/,Five For Friday: Freestyle Skiing,15,,,,,,,,
/News/2017/February/10/Five-For-Friday-Long-Track-Speedskating/,Five For Friday: Long Track Speedskating,15,,,,,,,,
/News/2017/February/11/Heather-Bergsma-Wins-First-1000-Meter-Speedskating-World-Title-In-Dominating-Fashion/,"Heather Bergsma Wins First 1,000-Meter Speedskating World Title In Dominating Fashion",15,,,,,,,,
/News/2017/February/14/More-Than-Two-Dozen-US-Youth-Olympians-Look-To-Make-The-Jump-To-Olympians-In-2018/,More Than Two Dozen U.S. Youth Olympians Look To Make The Jump To Olympians In 2018,15,,,,,,,,
/News/2017/February/15/Olympic-Silver-Medalist-Brett-McClure-Chosen-To-Direct-USA-Gymnastics-Mens-Program/,Olympic Silver Medalist Brett McClure Chosen To Direct USA Gymnastics’ Men’s Program,15,,,,,,,,
/News/2017/February/16/Team-USAs-Sochi-Fourth-Place-Finishers-Are-Driven-To-Reach-The-Podium-At-PyeongChang-Olympics/,Team USA’s Sochi Fourth-Place Finishers Are Driven To Reach The Podium At PyeongChang Olympics,15,,,,,,,,
/News/2017/February/22/18-Influential-Black-Athletes-In-US-Olympic-History?source=mktgFebnewsletter,18 Influential Black Athletes In U.S. Olympic History,15,,,,,,,,
/News/2017/February/23/Olympians-Contributions-Featured-Prominently-In-National-Museum-Of-African-American-History?source=mktgFebnewsletter,Olympians’ Contributions Featured Prominently In National Museum Of African American History And Culture,15,,,,,,,,
/News/2017/February/23/Tania-Prymak-Is-Likely-To-Be-The-First-US-Woman-To-Compete-In-Olympic-Skicross/,Tania Prymak Is Likely To Be The First U.S. Woman To Compete In Olympic Skicross,15,,,,,,,,
/News/2017/February/24/Team-USA-Seminar-Leads-To-Paralympian-Ryan-Boyles-Reunion-With-Life-Saving-Doctors/,Team USA Seminar Leads To Paralympian Ryan Boyle’s Reunion With Life-Saving Doctors,15,,,,,,,,
/News/2017/January/06/Five-For-Friday-Bobsled-Skeleton/,Five For Friday: Bobsled/Skeleton,15,,,,,,,,
/News/2017/January/10/Carli-Lloyd-Wins-Second-Straight-FIFA-Player-Of-The-Year-Award/,Carli Lloyd Wins Second Straight FIFA Player Of The Year Award,15,,,,,,,,
/News/2017/January/11/Chuck-Wielgus-Announces-Retirement-After-20-Years-As-USA-Swimming-Executive-Director/,Chuck Wielgus Announces Retirement After 20 Years As USA Swimming Executive Director,15,,,,,,,,
/News/2017/January/11/Debunking-10-Common-Myths-About-The-Paralympics/,Debunking 10 Common Myths About The Paralympics,15,,,,,,,,
/News/2017/January/12/Dave-Ogrean-Announces-Retirement-After-Combined-18-Years-As-USA-Hockey-Executive-Director/,Dave Ogrean Announces Retirement After Combined 18 Years As USA Hockey Executive Director,15,,,,,,,,
/News/2017/January/20/Five-For-Friday-Bobsled-Skeleton/,Five For Friday: Bobsled/Skeleton,15,,,,,,,,
/News/2017/January/20/Five-For-Friday-Figure-Skating/,Five For Friday: Figure Skating,15,,,,,,,,
/News/2017/January/20/Five-For-Friday-Snowboarding/,Five For Friday: Snowboarding,15,,,,,,,,
/News/2017/January/20/Gwen-Jorgensen-Announces-Pregnancy--Confirms-Tokyo-2020-Aspirations/,"Gwen Jorgensen Announces Pregnancy, Confirms Tokyo 2020 Aspirations",15,,,,,,,,
/News/2017/January/20/Karen-Chen-Is-Surprise-Leader-After-US-Championships-Short-Program/,"Karen Chen Is Surprise Leader After U.S. Championships Short Program, Followed By Olympians Nagasu And Wagner",15,,,,,,,,
/News/2017/January/20/Maia-And-Alex-Shibutani-Break-Davis-And-Whites-Short-Dance-Record-At-US-Figure-Skating-Championships/,Maia And Alex Shibutani Break Davis And White’s Short Dance Record At U.S. Figure Skating Championships,15,,,,,,,,
,,,,,,,,,,
Day Index,Pageviews,,,,,,,,,
6/1/2017,"3,737",,,,,,,,,
6/2/2017,"4,122",,,,,,,,,
6/3/2017,"2,904",,,,,,,,,
6/4/2017,"9,035",,,,,,,,,
6/5/2017,"5,858",,,,,,,,,
6/6/2017,"6,751",,,,,,,,,
6/7/2017,"5,051",,,,,,,,,
6/8/2017,"5,413",,,,,,,,,
6/9/2017,"9,790",,,,,,,,,
6/10/2017,"4,945",,,,,,,,,
6/11/2017,"4,896",,,,,,,,,
6/12/2017,"4,349",,,,,,,,,
6/13/2017,"4,562",,,,,,,,,
6/14/2017,"3,256",,,,,,,,,
6/15/2017,"4,171",,,,,,,,,
6/16/2017,"4,377",,,,,,,,,
6/17/2017,"2,690",,,,,,,,,
6/18/2017,"5,888",,,,,,,,,
6/19/2017,"8,231",,,,,,,,,
6/20/2017,"7,656",,,,,,,,,
6/21/2017,"4,812",,,,,,,,,
6/22/2017,"12,426",,,,,,,,,
6/23/2017,"35,274",,,,,,,,,
6/24/2017,"12,282",,,,,,,,,
6/25/2017,"8,645",,,,,,,,,
6/26/2017,"10,024",,,,,,,,,
6/27/2017,"9,599",,,,,,,,,
6/28/2017,"7,120",,,,,,,,,
6/29/2017,"5,898",,,,,,,,,
6/30/2017,"10,303",,,,,,,,,
7/1/2017,"6,832",,,,,,,,,
7/2/2017,"6,437",,,,,,,,,
7/3/2017,"6,123",,,,,,,,,
7/4/2017,"3,345",,,,,,,,,
7/5/2017,"10,766",,,,,,,,,
7/6/2017,"9,662",,,,,,,,,
7/7/2017,"9,129",,,,,,,,,
7/8/2017,"4,187",,,,,,,,,
7/9/2017,"9,869",,,,,,,,,
7/10/2017,"16,160",,,,,,,,,
7/11/2017,"12,595",,,,,,,,,
7/12/2017,"11,010",,,,,,,,,
7/13/2017,"11,089",,,,,,,,,
7/14/2017,"4,925",,,,,,,,,
7/15/2017,"5,266",,,,,,,,,
7/16/2017,"21,601",,,,,,,,,
7/17/2017,"28,277",,,,,,,,,
7/18/2017,"6,857",,,,,,,,,
,"408,195",,,,,,,,,
